Algorithm,Graph Type,Number of Nodes,Final Fitness,Plato,Time,Seed,Fitness List,Final State
Simulated_Annealing,complete,8,6.0,381,0.0958867073059082,616652,"[10.0, 9.0, 10.0, 9.0, 10.0, 9.0, 9.0, 9.0, 8.0, 6.0]","{0: [1, 4, 3, 7, 2, 6, 5], 1: [0, 7, 5, 2, 4, 3, 6], 2: [0, 7, 6, 3, 4, 1, 5], 3: [0, 7, 4, 5, 6, 1, 2], 4: [0, 6, 5, 3, 7, 2, 1], 5: [0, 1, 6, 4, 3, 2, 7], 6: [0, 5, 4, 1, 3, 2, 7], 7: [0, 1, 4, 3, 5, 6, 2]}"
Simulated_Annealing,complete,8,6.0,610,0.0839490890502929,319878,"[9.0, 9.0, 10.0, 9.0, 9.0, 10.0, 9.0, 9.0, 8.0, 7.0, 6.0]","{0: [1, 2, 6, 3, 4, 5, 7], 1: [0, 5, 6, 7, 3, 4, 2], 2: [0, 1, 7, 5, 3, 4, 6], 3: [0, 7, 5, 4, 2, 1, 6], 4: [0, 2, 1, 5, 6, 7, 3], 5: [0, 1, 2, 4, 6, 3, 7], 6: [0, 2, 3, 1, 5, 4, 7], 7: [0, 5, 3, 6, 2, 1, 4]}"
Simulated_Annealing,complete,8,5.0,474,0.0730817317962646,19274,"[10.0, 9.0, 10.0, 10.0, 8.0, 9.0, 9.0, 10.0, 10.0, 5.0, 5.0]","{0: [1, 3, 2, 5, 7, 4, 6], 1: [0, 6, 5, 2, 3, 7, 4], 2: [0, 1, 3, 4, 6, 7, 5], 3: [0, 6, 4, 2, 7, 5, 1], 4: [0, 1, 7, 2, 3, 6, 5], 5: [0, 2, 7, 3, 6, 4, 1], 6: [0, 5, 2, 1, 7, 4, 3], 7: [0, 4, 1, 5, 2, 3, 6]}"
Simulated_Annealing,complete,8,6.0,298,0.055168867111206,509509,"[9.0, 9.0, 9.0, 9.0, 10.0, 8.0, 9.0, 9.0, 10.0, 7.0, 6.0]","{0: [1, 5, 6, 3, 2, 7, 4], 1: [0, 2, 4, 7, 3, 5, 6], 2: [0, 6, 7, 5, 1, 3, 4], 3: [0, 6, 4, 2, 1, 5, 7], 4: [0, 5, 1, 2, 3, 6, 7], 5: [0, 6, 1, 3, 2, 4, 7], 6: [0, 7, 1, 5, 4, 2, 3], 7: [0, 1, 2, 3, 4, 6, 5]}"
Simulated_Annealing,complete,8,6.0,878,0.1213550567626953,789472,"[9.0, 9.0, 9.0, 9.0, 9.0, 10.0, 9.0, 10.0, 8.0, 7.0, 6.0]","{0: [1, 5, 3, 4, 7, 6, 2], 1: [0, 6, 7, 2, 5, 4, 3], 2: [0, 6, 3, 5, 4, 1, 7], 3: [0, 5, 2, 4, 1, 7, 6], 4: [0, 3, 6, 7, 1, 5, 2], 5: [0, 1, 4, 7, 2, 3, 6], 6: [0, 1, 7, 3, 4, 5, 2], 7: [0, 3, 4, 5, 6, 2, 1]}"
Simulated_Annealing,complete,8,6.0,503,0.0728039741516113,600330,"[9.0, 9.0, 10.0, 10.0, 10.0, 9.0, 9.0, 9.0, 7.0, 6.0, 6.0]","{0: [1, 2, 7, 6, 5, 4, 3], 1: [0, 6, 4, 5, 7, 3, 2], 2: [0, 5, 1, 3, 7, 6, 4], 3: [0, 1, 5, 4, 7, 2, 6], 4: [0, 1, 6, 3, 7, 5, 2], 5: [0, 3, 6, 7, 1, 4, 2], 6: [0, 5, 4, 1, 3, 2, 7], 7: [0, 4, 6, 2, 3, 1, 5]}"
Simulated_Annealing,complete,8,6.0,409,0.0633990764617919,225285,"[8.0, 9.0, 8.0, 9.0, 10.0, 9.0, 8.0, 9.0, 9.0, 6.0, 6.0]","{0: [1, 6, 3, 2, 4, 7, 5], 1: [0, 4, 2, 6, 3, 7, 5], 2: [0, 7, 4, 5, 3, 6, 1], 3: [0, 2, 6, 4, 5, 1, 7], 4: [0, 6, 2, 7, 5, 3, 1], 5: [0, 7, 2, 6, 1, 3, 4], 6: [0, 5, 4, 3, 7, 1, 2], 7: [0, 2, 3, 6, 5, 1, 4]}"
Simulated_Annealing,complete,8,6.0,459,0.0690922737121582,317450,"[9.0, 9.0, 9.0, 10.0, 10.0, 9.0, 9.0, 9.0, 8.0, 6.0]","{0: [1, 3, 5, 6, 2, 7, 4], 1: [0, 5, 6, 7, 2, 3, 4], 2: [0, 5, 6, 3, 1, 4, 7], 3: [0, 6, 4, 1, 2, 5, 7], 4: [0, 2, 7, 6, 1, 5, 3], 5: [0, 6, 4, 1, 2, 7, 3], 6: [0, 2, 3, 4, 7, 1, 5], 7: [0, 2, 5, 6, 4, 1, 3]}"
Simulated_Annealing,complete,8,6.0,428,0.0700438022613525,798460,"[9.0, 10.0, 10.0, 10.0, 9.0, 9.0, 9.0, 9.0, 9.0, 6.0, 6.0]","{0: [1, 7, 6, 3, 4, 2, 5], 1: [0, 3, 2, 5, 6, 4, 7], 2: [0, 7, 6, 3, 1, 4, 5], 3: [0, 1, 6, 7, 5, 2, 4], 4: [0, 3, 2, 5, 7, 1, 6], 5: [0, 2, 4, 6, 3, 7, 1], 6: [0, 3, 4, 1, 2, 7, 5], 7: [0, 1, 2, 6, 4, 5, 3]}"
Simulated_Annealing,complete,8,6.0,508,0.0730013847351074,685690,"[9.0, 9.0, 9.0, 10.0, 10.0, 10.0, 9.0, 9.0, 9.0, 6.0, 6.0]","{0: [1, 7, 5, 2, 4, 6, 3], 1: [0, 4, 7, 6, 5, 2, 3], 2: [0, 7, 3, 6, 1, 5, 4], 3: [0, 6, 2, 5, 7, 4, 1], 4: [0, 2, 5, 3, 6, 7, 1], 5: [0, 6, 3, 7, 4, 2, 1], 6: [0, 7, 4, 2, 1, 5, 3], 7: [0, 5, 2, 4, 6, 3, 1]}"
Simulated_Annealing,complete,8,6.0,519,0.0727691650390625,385530,"[9.0, 9.0, 9.0, 10.0, 8.0, 9.0, 9.0, 10.0, 9.0, 7.0, 6.0]","{0: [1, 3, 4, 5, 2, 6, 7], 1: [0, 7, 6, 4, 5, 2, 3], 2: [0, 7, 5, 1, 6, 4, 3], 3: [0, 1, 4, 5, 7, 6, 2], 4: [0, 2, 3, 7, 5, 6, 1], 5: [0, 4, 3, 6, 2, 7, 1], 6: [0, 5, 2, 7, 4, 1, 3], 7: [0, 3, 6, 5, 2, 4, 1]}"
Simulated_Annealing,complete,8,6.0,395,0.058243989944458,288614,"[9.0, 9.0, 10.0, 9.0, 9.0, 9.0, 9.0, 8.0, 9.0, 6.0, 6.0]","{0: [1, 5, 7, 3, 6, 2, 4], 1: [0, 6, 4, 7, 3, 5, 2], 2: [0, 1, 6, 3, 5, 4, 7], 3: [0, 7, 2, 6, 4, 5, 1], 4: [0, 3, 1, 7, 2, 6, 5], 5: [0, 6, 1, 3, 7, 4, 2], 6: [0, 7, 1, 4, 3, 2, 5], 7: [0, 2, 4, 6, 1, 5, 3]}"
Simulated_Annealing,complete,8,5.0,657,0.1417369842529297,437196,"[9.0, 10.0, 9.0, 10.0, 9.0, 10.0, 9.0, 9.0, 7.0, 7.0, 5.0]","{0: [1, 3, 6, 2, 4, 7, 5], 1: [0, 2, 6, 7, 3, 4, 5], 2: [0, 6, 1, 5, 7, 3, 4], 3: [0, 5, 1, 6, 7, 4, 2], 4: [0, 2, 5, 6, 1, 3, 7], 5: [0, 7, 4, 3, 1, 6, 2], 6: [0, 3, 7, 5, 4, 1, 2], 7: [0, 4, 1, 3, 2, 6, 5]}"
Simulated_Annealing,complete,8,6.0,480,0.0696299076080322,699698,"[9.0, 8.0, 10.0, 9.0, 10.0, 9.0, 9.0, 9.0, 9.0, 6.0, 6.0]","{0: [1, 4, 6, 2, 7, 5, 3], 1: [0, 3, 6, 2, 7, 4, 5], 2: [0, 6, 4, 1, 3, 5, 7], 3: [0, 2, 1, 7, 5, 4, 6], 4: [0, 7, 1, 6, 5, 2, 3], 5: [0, 4, 3, 1, 6, 7, 2], 6: [0, 4, 7, 5, 3, 1, 2], 7: [0, 2, 4, 3, 5, 6, 1]}"
Simulated_Annealing,complete,8,7.0,14,0.0022730827331542,246291,"[9.0, 10.0, 10.0, 9.0, 9.0, 9.0, 9.0, 10.0, 8.0, 7.0]","{0: [1, 4, 6, 2, 7, 3, 5], 1: [0, 5, 6, 4, 2, 3, 7], 2: [0, 4, 6, 3, 7, 1, 5], 3: [0, 6, 4, 7, 1, 2, 5], 4: [0, 6, 7, 3, 5, 2, 1], 5: [0, 3, 6, 2, 7, 4, 1], 6: [0, 4, 7, 5, 2, 1, 3], 7: [0, 6, 3, 2, 1, 4, 5]}"
Simulated_Annealing,complete,8,4.0,656,0.0922040939331054,995972,"[9.0, 10.0, 10.0, 10.0, 9.0, 10.0, 10.0, 9.0, 8.0, 6.0, 4.0]","{0: [1, 5, 4, 6, 2, 3, 7], 1: [0, 6, 7, 4, 2, 3, 5], 2: [0, 6, 4, 5, 3, 1, 7], 3: [0, 4, 6, 5, 1, 2, 7], 4: [0, 5, 2, 6, 1, 7, 3], 5: [0, 1, 3, 6, 7, 2, 4], 6: [0, 5, 3, 1, 7, 4, 2], 7: [0, 3, 5, 2, 4, 1, 6]}"
Simulated_Annealing,complete,8,6.0,335,0.0514171123504638,520457,"[10.0, 9.0, 8.0, 10.0, 10.0, 9.0, 9.0, 10.0, 8.0, 7.0, 6.0]","{0: [1, 4, 2, 3, 7, 5, 6], 1: [0, 6, 7, 2, 3, 4, 5], 2: [0, 3, 6, 5, 1, 7, 4], 3: [0, 2, 5, 4, 7, 1, 6], 4: [0, 7, 2, 3, 5, 1, 6], 5: [0, 7, 2, 3, 6, 1, 4], 6: [0, 2, 7, 3, 5, 4, 1], 7: [0, 6, 4, 5, 1, 3, 2]}"
Simulated_Annealing,complete,8,7.0,1,0.0001838207244873,242350,"[7.0, 7.0, 8.0, 9.0, 10.0, 9.0, 8.0, 8.0, 8.0, 7.0, 7.0]","{0: [1, 2, 3, 4, 6, 7, 5], 1: [0, 6, 2, 3, 5, 4, 7], 2: [0, 5, 3, 6, 1, 7, 4], 3: [0, 4, 1, 6, 7, 2, 5], 4: [0, 5, 3, 7, 6, 2, 1], 5: [0, 7, 3, 2, 6, 4, 1], 6: [0, 4, 1, 5, 3, 2, 7], 7: [0, 5, 1, 2, 4, 6, 3]}"
Simulated_Annealing,complete,8,6.0,454,0.0667042732238769,496719,"[9.0, 8.0, 9.0, 9.0, 8.0, 8.0, 10.0, 9.0, 9.0, 6.0, 6.0]","{0: [1, 3, 7, 6, 5, 4, 2], 1: [0, 3, 7, 4, 6, 5, 2], 2: [0, 7, 5, 6, 4, 1, 3], 3: [0, 1, 2, 5, 7, 6, 4], 4: [0, 5, 6, 7, 3, 2, 1], 5: [0, 2, 3, 1, 6, 7, 4], 6: [0, 4, 3, 7, 5, 1, 2], 7: [0, 2, 6, 3, 4, 5, 1]}"
Simulated_Annealing,complete,8,6.0,662,0.0877377986907959,242490,"[9.0, 9.0, 10.0, 10.0, 10.0, 8.0, 9.0, 10.0, 9.0, 7.0, 6.0, 6.0]","{0: [1, 7, 3, 2, 6, 5, 4], 1: [0, 3, 2, 5, 4, 6, 7], 2: [0, 1, 4, 7, 5, 3, 6], 3: [0, 5, 2, 7, 4, 1, 6], 4: [0, 5, 3, 7, 2, 6, 1], 5: [0, 4, 2, 1, 6, 3, 7], 6: [0, 2, 5, 3, 1, 4, 7], 7: [0, 1, 2, 4, 6, 3, 5]}"
Simulated_Annealing,complete,8,6.0,715,0.1030139923095703,332065,"[10.0, 9.0, 8.0, 9.0, 8.0, 9.0, 10.0, 9.0, 9.0, 7.0, 6.0]","{0: [1, 4, 7, 5, 6, 3, 2], 1: [0, 7, 4, 3, 6, 5, 2], 2: [0, 4, 6, 5, 7, 1, 3], 3: [0, 1, 2, 4, 7, 5, 6], 4: [0, 3, 6, 7, 1, 2, 5], 5: [0, 7, 2, 6, 1, 3, 4], 6: [0, 3, 4, 5, 2, 7, 1], 7: [0, 3, 2, 4, 6, 1, 5]}"
Simulated_Annealing,complete,8,6.0,513,0.0823550224304199,364996,"[9.0, 9.0, 10.0, 10.0, 10.0, 10.0, 9.0, 9.0, 10.0, 7.0, 6.0]","{0: [1, 4, 6, 3, 7, 2, 5], 1: [0, 5, 3, 7, 6, 2, 4], 2: [0, 1, 7, 3, 5, 6, 4], 3: [0, 5, 4, 2, 7, 1, 6], 4: [0, 7, 6, 3, 5, 2, 1], 5: [0, 4, 3, 2, 6, 7, 1], 6: [0, 4, 7, 1, 5, 2, 3], 7: [0, 5, 1, 3, 2, 6, 4]}"
Simulated_Annealing,complete,8,6.0,69,0.0109341144561767,315397,"[10.0, 9.0, 9.0, 9.0, 8.0, 9.0, 9.0, 9.0, 9.0, 6.0, 6.0]","{0: [1, 4, 3, 6, 7, 2, 5], 1: [0, 7, 3, 6, 4, 5, 2], 2: [0, 7, 6, 4, 5, 3, 1], 3: [0, 7, 6, 4, 5, 2, 1], 4: [0, 2, 7, 3, 1, 6, 5], 5: [0, 1, 6, 2, 3, 7, 4], 6: [0, 2, 4, 1, 5, 3, 7], 7: [0, 6, 3, 5, 2, 4, 1]}"
Simulated_Annealing,complete,8,6.0,446,0.0663790702819824,456099,"[10.0, 9.0, 8.0, 8.0, 9.0, 9.0, 9.0, 9.0, 9.0, 6.0, 6.0]","{0: [1, 4, 3, 5, 2, 6, 7], 1: [0, 7, 6, 2, 4, 3, 5], 2: [0, 3, 4, 7, 6, 5, 1], 3: [0, 6, 5, 1, 4, 2, 7], 4: [0, 6, 2, 3, 1, 5, 7], 5: [0, 7, 4, 2, 3, 6, 1], 6: [0, 4, 5, 3, 1, 7, 2], 7: [0, 3, 6, 5, 2, 4, 1]}"
Simulated_Annealing,complete,8,6.0,562,0.1099591255187988,585859,"[9.0, 8.0, 7.0, 9.0, 9.0, 9.0, 9.0, 10.0, 10.0, 7.0, 6.0, 6.0]","{0: [1, 3, 2, 4, 5, 7, 6], 1: [0, 6, 5, 7, 4, 2, 3], 2: [0, 7, 3, 5, 6, 4, 1], 3: [0, 1, 2, 5, 7, 6, 4], 4: [0, 1, 7, 5, 2, 3, 6], 5: [0, 7, 1, 6, 2, 4, 3], 6: [0, 4, 5, 3, 7, 2, 1], 7: [0, 4, 1, 3, 2, 6, 5]}"
Simulated_Annealing,complete,8,6.0,305,0.0473520755767822,334895,"[10.0, 8.0, 8.0, 9.0, 10.0, 8.0, 9.0, 9.0, 10.0, 6.0, 6.0]","{0: [1, 3, 2, 6, 4, 5, 7], 1: [0, 7, 4, 5, 6, 3, 2], 2: [0, 5, 7, 6, 4, 1, 3], 3: [0, 5, 4, 2, 7, 6, 1], 4: [0, 6, 7, 1, 5, 2, 3], 5: [0, 3, 4, 7, 6, 1, 2], 6: [0, 1, 5, 4, 7, 3, 2], 7: [0, 3, 6, 2, 4, 5, 1]}"
Simulated_Annealing,complete,8,5.0,796,0.1070172786712646,286758,"[9.0, 10.0, 9.0, 9.0, 9.0, 10.0, 10.0, 8.0, 9.0, 7.0, 5.0]","{0: [1, 2, 3, 4, 6, 5, 7], 1: [0, 7, 5, 3, 4, 6, 2], 2: [0, 1, 4, 5, 7, 6, 3], 3: [0, 2, 5, 1, 6, 7, 4], 4: [0, 3, 7, 1, 6, 5, 2], 5: [0, 6, 3, 7, 2, 4, 1], 6: [0, 1, 2, 3, 4, 5, 7], 7: [0, 1, 5, 4, 3, 6, 2]}"
Simulated_Annealing,complete,8,6.0,695,0.1024160385131836,549659,"[8.0, 9.0, 9.0, 9.0, 9.0, 9.0, 9.0, 9.0, 9.0, 7.0, 6.0, 6.0]","{0: [1, 7, 5, 6, 3, 4, 2], 1: [0, 7, 4, 6, 3, 2, 5], 2: [0, 4, 5, 1, 3, 6, 7], 3: [0, 6, 5, 7, 4, 1, 2], 4: [0, 3, 7, 6, 5, 1, 2], 5: [0, 3, 2, 7, 6, 4, 1], 6: [0, 3, 2, 1, 5, 4, 7], 7: [0, 5, 3, 4, 1, 2, 6]}"
Simulated_Annealing,complete,8,6.0,461,0.0657570362091064,838350,"[9.0, 10.0, 10.0, 9.0, 9.0, 9.0, 8.0, 9.0, 7.0, 6.0, 6.0]","{0: [1, 4, 6, 5, 2, 7, 3], 1: [0, 5, 4, 7, 2, 3, 6], 2: [0, 5, 4, 6, 7, 3, 1], 3: [0, 6, 5, 2, 7, 4, 1], 4: [0, 6, 2, 3, 7, 5, 1], 5: [0, 6, 4, 1, 2, 3, 7], 6: [0, 3, 2, 4, 1, 7, 5], 7: [0, 1, 6, 5, 4, 3, 2]}"
Simulated_Annealing,complete,8,6.0,363,0.0550389289855957,26905,"[9.0, 10.0, 9.0, 8.0, 9.0, 9.0, 10.0, 9.0, 8.0, 6.0, 6.0]","{0: [1, 5, 6, 4, 2, 3, 7], 1: [0, 7, 6, 4, 2, 3, 5], 2: [0, 1, 7, 4, 6, 5, 3], 3: [0, 2, 4, 5, 1, 6, 7], 4: [0, 3, 2, 7, 5, 6, 1], 5: [0, 1, 3, 7, 2, 4, 6], 6: [0, 5, 2, 3, 1, 7, 4], 7: [0, 3, 6, 4, 2, 5, 1]}"
Simulated_Annealing,complete,8,6.0,430,0.0726740360260009,684316,"[9.0, 9.0, 10.0, 8.0, 10.0, 10.0, 8.0, 10.0, 8.0, 6.0]","{0: [1, 6, 4, 2, 5, 7, 3], 1: [0, 4, 3, 7, 6, 2, 5], 2: [0, 5, 6, 3, 1, 7, 4], 3: [0, 7, 1, 4, 5, 2, 6], 4: [0, 7, 5, 1, 2, 6, 3], 5: [0, 6, 3, 2, 4, 1, 7], 6: [0, 7, 1, 2, 4, 5, 3], 7: [0, 5, 2, 6, 4, 1, 3]}"
Simulated_Annealing,complete,8,6.0,380,0.0584990978240966,272596,"[10.0, 9.0, 10.0, 9.0, 10.0, 10.0, 9.0, 9.0, 9.0, 6.0]","{0: [1, 4, 7, 2, 5, 6, 3], 1: [0, 6, 3, 4, 2, 7, 5], 2: [0, 5, 3, 6, 7, 1, 4], 3: [0, 2, 5, 1, 6, 7, 4], 4: [0, 5, 6, 3, 1, 2, 7], 5: [0, 4, 1, 7, 3, 2, 6], 6: [0, 5, 7, 2, 1, 4, 3], 7: [0, 1, 2, 6, 5, 4, 3]}"
Simulated_Annealing,complete,8,6.0,620,0.0917370319366455,551117,"[9.0, 10.0, 8.0, 9.0, 9.0, 8.0, 8.0, 9.0, 7.0, 7.0, 6.0]","{0: [1, 5, 6, 4, 7, 3, 2], 1: [0, 3, 5, 6, 2, 7, 4], 2: [0, 5, 6, 7, 3, 4, 1], 3: [0, 1, 7, 4, 6, 2, 5], 4: [0, 3, 7, 2, 6, 5, 1], 5: [0, 6, 4, 1, 7, 2, 3], 6: [0, 2, 7, 5, 1, 4, 3], 7: [0, 1, 4, 3, 6, 5, 2]}"
Simulated_Annealing,complete,8,7.0,127,0.0208051204681396,266851,"[10.0, 10.0, 9.0, 10.0, 10.0, 9.0, 9.0, 8.0, 9.0, 7.0, 7.0]","{0: [1, 4, 5, 7, 6, 2, 3], 1: [0, 5, 3, 6, 7, 4, 2], 2: [0, 3, 1, 4, 6, 7, 5], 3: [0, 7, 5, 6, 2, 1, 4], 4: [0, 2, 1, 7, 5, 6, 3], 5: [0, 1, 6, 7, 3, 4, 2], 6: [0, 5, 4, 3, 7, 2, 1], 7: [0, 1, 3, 6, 5, 4, 2]}"
Simulated_Annealing,complete,8,5.0,665,0.0873651504516601,170914,"[9.0, 9.0, 10.0, 10.0, 9.0, 9.0, 9.0, 8.0, 9.0, 7.0, 5.0]","{0: [1, 2, 4, 5, 3, 6, 7], 1: [0, 7, 3, 5, 6, 4, 2], 2: [0, 1, 5, 3, 7, 4, 6], 3: [0, 1, 7, 6, 4, 2, 5], 4: [0, 6, 2, 1, 7, 3, 5], 5: [0, 7, 4, 6, 3, 2, 1], 6: [0, 5, 3, 7, 1, 4, 2], 7: [0, 2, 5, 4, 6, 3, 1]}"
Simulated_Annealing,complete,8,6.0,544,0.0787680149078369,64887,"[10.0, 9.0, 8.0, 10.0, 10.0, 10.0, 8.0, 9.0, 10.0, 7.0, 6.0]","{0: [1, 3, 7, 6, 2, 5, 4], 1: [0, 7, 5, 2, 6, 3, 4], 2: [0, 6, 4, 3, 7, 5, 1], 3: [0, 4, 7, 1, 2, 5, 6], 4: [0, 3, 1, 6, 2, 5, 7], 5: [0, 3, 6, 1, 4, 2, 7], 6: [0, 3, 5, 4, 7, 1, 2], 7: [0, 6, 1, 4, 3, 5, 2]}"
Simulated_Annealing,complete,8,6.0,393,0.0708558559417724,291494,"[8.0, 8.0, 9.0, 9.0, 10.0, 10.0, 9.0, 8.0, 9.0, 6.0, 6.0]","{0: [1, 4, 5, 2, 3, 7, 6], 1: [0, 4, 3, 6, 7, 2, 5], 2: [0, 5, 1, 3, 6, 7, 4], 3: [0, 2, 7, 6, 1, 5, 4], 4: [0, 6, 2, 5, 7, 1, 3], 5: [0, 3, 7, 6, 4, 1, 2], 6: [0, 4, 1, 3, 5, 2, 7], 7: [0, 1, 2, 5, 4, 3, 6]}"
Simulated_Annealing,complete,8,6.0,429,0.0629818439483642,173194,"[10.0, 10.0, 8.0, 9.0, 9.0, 10.0, 9.0, 9.0, 8.0, 6.0]","{0: [1, 4, 6, 3, 7, 5, 2], 1: [0, 7, 4, 3, 2, 5, 6], 2: [0, 5, 7, 6, 1, 3, 4], 3: [0, 4, 5, 2, 1, 6, 7], 4: [0, 3, 7, 2, 6, 1, 5], 5: [0, 3, 6, 4, 1, 7, 2], 6: [0, 5, 7, 2, 1, 3, 4], 7: [0, 6, 2, 5, 3, 1, 4]}"
Simulated_Annealing,complete,8,6.0,648,0.0888283252716064,698168,"[9.0, 9.0, 9.0, 10.0, 9.0, 9.0, 9.0, 8.0, 7.0, 7.0, 6.0]","{0: [1, 3, 6, 2, 4, 7, 5], 1: [0, 5, 7, 4, 2, 6, 3], 2: [0, 6, 4, 3, 1, 7, 5], 3: [0, 1, 5, 7, 2, 4, 6], 4: [0, 6, 2, 3, 5, 1, 7], 5: [0, 6, 2, 1, 7, 4, 3], 6: [0, 3, 2, 4, 5, 1, 7], 7: [0, 4, 1, 2, 6, 3, 5]}"
Simulated_Annealing,complete,8,6.0,494,0.0723121166229248,531281,"[10.0, 10.0, 10.0, 10.0, 9.0, 9.0, 9.0, 9.0, 8.0, 6.0, 6.0]","{0: [1, 2, 6, 4, 5, 3, 7], 1: [0, 5, 2, 4, 3, 7, 6], 2: [0, 7, 3, 6, 1, 4, 5], 3: [0, 1, 2, 7, 5, 4, 6], 4: [0, 7, 1, 6, 3, 2, 5], 5: [0, 4, 1, 2, 3, 7, 6], 6: [0, 1, 7, 3, 4, 2, 5], 7: [0, 5, 3, 1, 4, 6, 2]}"
Simulated_Annealing,complete,8,5.0,817,0.1700661182403564,226662,"[9.0, 10.0, 9.0, 8.0, 10.0, 10.0, 10.0, 10.0, 8.0, 7.0, 5.0]","{0: [1, 4, 7, 2, 3, 6, 5], 1: [0, 2, 5, 6, 7, 3, 4], 2: [0, 4, 6, 1, 5, 7, 3], 3: [0, 2, 7, 4, 6, 1, 5], 4: [0, 3, 5, 7, 6, 1, 2], 5: [0, 6, 4, 1, 3, 7, 2], 6: [0, 2, 3, 4, 7, 1, 5], 7: [0, 6, 4, 3, 2, 5, 1]}"
Simulated_Annealing,complete,8,6.0,698,0.0976738929748535,83067,"[9.0, 10.0, 10.0, 10.0, 9.0, 9.0, 10.0, 9.0, 10.0, 8.0, 6.0]","{0: [1, 6, 4, 7, 2, 3, 5], 1: [0, 4, 2, 5, 7, 3, 6], 2: [0, 4, 1, 5, 7, 6, 3], 3: [0, 2, 1, 6, 5, 7, 4], 4: [0, 1, 2, 5, 3, 7, 6], 5: [0, 3, 2, 4, 6, 7, 1], 6: [0, 3, 4, 7, 5, 1, 2], 7: [0, 1, 5, 6, 4, 3, 2]}"
Simulated_Annealing,complete,8,6.0,193,0.0318257808685302,214796,"[9.0, 9.0, 10.0, 9.0, 9.0, 8.0, 10.0, 8.0, 8.0, 6.0, 6.0]","{0: [1, 7, 2, 5, 4, 6, 3], 1: [0, 4, 7, 5, 3, 6, 2], 2: [0, 1, 7, 5, 3, 4, 6], 3: [0, 1, 2, 5, 7, 4, 6], 4: [0, 1, 7, 5, 6, 2, 3], 5: [0, 6, 1, 7, 4, 3, 2], 6: [0, 1, 5, 2, 4, 7, 3], 7: [0, 6, 5, 1, 2, 3, 4]}"
Simulated_Annealing,complete,8,5.0,1230,0.1614730358123779,564617,"[10.0, 9.0, 9.0, 8.0, 9.0, 9.0, 9.0, 10.0, 9.0, 7.0, 6.0, 5.0]","{0: [1, 5, 7, 4, 3, 6, 2], 1: [0, 5, 2, 6, 4, 7, 3], 2: [0, 7, 3, 6, 1, 5, 4], 3: [0, 4, 2, 7, 6, 5, 1], 4: [0, 1, 7, 5, 2, 6, 3], 5: [0, 3, 2, 1, 4, 6, 7], 6: [0, 7, 5, 2, 4, 3, 1], 7: [0, 5, 3, 2, 4, 6, 1]}"
Simulated_Annealing,complete,8,7.0,248,0.041691780090332,326676,"[8.0, 9.0, 8.0, 10.0, 9.0, 9.0, 9.0, 10.0, 9.0, 7.0, 7.0]","{0: [1, 3, 2, 4, 7, 6, 5], 1: [0, 2, 7, 6, 5, 4, 3], 2: [0, 7, 3, 6, 5, 4, 1], 3: [0, 6, 2, 5, 1, 4, 7], 4: [0, 7, 1, 5, 6, 2, 3], 5: [0, 4, 1, 7, 2, 6, 3], 6: [0, 7, 3, 5, 1, 2, 4], 7: [0, 1, 2, 3, 5, 4, 6]}"
Simulated_Annealing,complete,8,7.0,158,0.0267810821533203,216886,"[9.0, 9.0, 8.0, 9.0, 9.0, 10.0, 8.0, 10.0, 8.0, 7.0, 7.0]","{0: [1, 3, 5, 7, 4, 6, 2], 1: [0, 7, 2, 4, 6, 3, 5], 2: [0, 5, 7, 6, 3, 4, 1], 3: [0, 1, 6, 4, 5, 7, 2], 4: [0, 1, 2, 5, 3, 7, 6], 5: [0, 6, 7, 3, 1, 2, 4], 6: [0, 4, 7, 3, 2, 5, 1], 7: [0, 1, 3, 4, 6, 5, 2]}"
Simulated_Annealing,complete,8,6.0,451,0.064849853515625,877764,"[9.0, 9.0, 9.0, 9.0, 9.0, 10.0, 10.0, 10.0, 8.0, 6.0, 6.0]","{0: [1, 2, 7, 6, 3, 4, 5], 1: [0, 4, 7, 6, 3, 5, 2], 2: [0, 1, 5, 4, 7, 6, 3], 3: [0, 6, 4, 7, 5, 1, 2], 4: [0, 6, 5, 7, 1, 2, 3], 5: [0, 6, 7, 4, 2, 1, 3], 6: [0, 3, 4, 2, 5, 1, 7], 7: [0, 1, 4, 5, 2, 3, 6]}"
Simulated_Annealing,complete,8,7.0,331,0.0580558776855468,326192,"[9.0, 9.0, 9.0, 9.0, 10.0, 9.0, 10.0, 9.0, 10.0, 7.0, 7.0]","{0: [1, 4, 7, 2, 6, 5, 3], 1: [0, 6, 4, 2, 3, 5, 7], 2: [0, 5, 3, 1, 4, 6, 7], 3: [0, 1, 7, 6, 2, 5, 4], 4: [0, 2, 1, 5, 7, 3, 6], 5: [0, 4, 3, 2, 6, 7, 1], 6: [0, 3, 4, 2, 1, 5, 7], 7: [0, 5, 2, 1, 3, 4, 6]}"
Simulated_Annealing,complete,8,6.0,403,0.0730171203613281,303006,"[9.0, 9.0, 9.0, 9.0, 10.0, 10.0, 10.0, 10.0, 8.0, 6.0]","{0: [1, 4, 6, 2, 3, 7, 5], 1: [0, 3, 7, 4, 2, 5, 6], 2: [0, 6, 3, 5, 1, 4, 7], 3: [0, 4, 2, 5, 6, 1, 7], 4: [0, 7, 6, 1, 2, 5, 3], 5: [0, 1, 2, 4, 3, 7, 6], 6: [0, 7, 5, 1, 3, 4, 2], 7: [0, 3, 6, 2, 1, 4, 5]}"
Simulated_Annealing,complete,8,7.0,174,0.0314898490905761,77611,"[9.0, 9.0, 9.0, 10.0, 9.0, 10.0, 10.0, 10.0, 9.0, 7.0, 7.0]","{0: [1, 3, 5, 7, 4, 6, 2], 1: [0, 6, 3, 4, 7, 2, 5], 2: [0, 6, 5, 3, 4, 1, 7], 3: [0, 7, 5, 4, 2, 1, 6], 4: [0, 7, 2, 3, 5, 6, 1], 5: [0, 4, 3, 1, 7, 6, 2], 6: [0, 5, 7, 1, 3, 4, 2], 7: [0, 5, 4, 1, 6, 3, 2]}"
Simulated_Annealing,complete,8,5.0,610,0.0837378501892089,346257,"[9.0, 10.0, 10.0, 9.0, 9.0, 10.0, 9.0, 8.0, 10.0, 6.0, 5.0]","{0: [1, 5, 2, 4, 3, 6, 7], 1: [0, 2, 5, 3, 4, 7, 6], 2: [0, 5, 7, 3, 1, 6, 4], 3: [0, 6, 7, 1, 2, 4, 5], 4: [0, 2, 6, 5, 7, 1, 3], 5: [0, 3, 4, 6, 7, 1, 2], 6: [0, 1, 5, 4, 2, 3, 7], 7: [0, 6, 2, 5, 1, 4, 3]}"
Simulated_Annealing,complete,8,6.0,783,0.1030490398406982,922516,"[10.0, 9.0, 10.0, 10.0, 10.0, 10.0, 9.0, 9.0, 8.0, 7.0, 6.0]","{0: [1, 2, 7, 5, 4, 6, 3], 1: [0, 4, 5, 2, 6, 7, 3], 2: [0, 1, 5, 4, 6, 3, 7], 3: [0, 2, 4, 5, 1, 7, 6], 4: [0, 5, 1, 2, 6, 7, 3], 5: [0, 2, 1, 4, 3, 7, 6], 6: [0, 2, 1, 5, 4, 3, 7], 7: [0, 4, 5, 2, 6, 3, 1]}"
Simulated_Annealing,complete,8,6.0,520,0.0805339813232421,90543,"[9.0, 9.0, 9.0, 9.0, 9.0, 10.0, 10.0, 8.0, 10.0, 7.0, 6.0, 6.0]","{0: [1, 4, 3, 6, 2, 7, 5], 1: [0, 3, 2, 4, 7, 6, 5], 2: [0, 3, 6, 1, 4, 5, 7], 3: [0, 7, 5, 2, 4, 1, 6], 4: [0, 1, 6, 2, 3, 5, 7], 5: [0, 7, 2, 1, 3, 4, 6], 6: [0, 3, 5, 2, 1, 7, 4], 7: [0, 1, 3, 4, 6, 2, 5]}"
Simulated_Annealing,complete,8,6.0,100,0.0374348163604736,420175,"[10.0, 9.0, 9.0, 10.0, 9.0, 10.0, 9.0, 10.0, 9.0, 6.0]","{0: [1, 2, 4, 3, 6, 5, 7], 1: [0, 5, 2, 7, 3, 6, 4], 2: [0, 6, 5, 7, 3, 1, 4], 3: [0, 7, 2, 4, 5, 1, 6], 4: [0, 7, 2, 5, 3, 6, 1], 5: [0, 3, 4, 1, 7, 2, 6], 6: [0, 3, 7, 2, 4, 5, 1], 7: [0, 2, 6, 4, 1, 3, 5]}"
Simulated_Annealing,complete,8,5.0,651,0.0899190902709961,26831,"[9.0, 10.0, 9.0, 10.0, 9.0, 9.0, 10.0, 9.0, 10.0, 6.0, 5.0]","{0: [1, 4, 6, 3, 2, 5, 7], 1: [0, 3, 5, 2, 7, 6, 4], 2: [0, 3, 6, 4, 5, 7, 1], 3: [0, 1, 7, 4, 5, 6, 2], 4: [0, 1, 6, 3, 5, 7, 2], 5: [0, 3, 4, 2, 7, 1, 6], 6: [0, 2, 3, 4, 1, 7, 5], 7: [0, 6, 1, 5, 4, 2, 3]}"
Simulated_Annealing,complete,8,6.0,668,0.0912132263183593,319548,"[9.0, 10.0, 10.0, 9.0, 8.0, 10.0, 10.0, 8.0, 9.0, 7.0, 6.0]","{0: [1, 6, 4, 2, 7, 3, 5], 1: [0, 3, 7, 5, 6, 2, 4], 2: [0, 6, 1, 3, 7, 4, 5], 3: [0, 4, 7, 2, 6, 1, 5], 4: [0, 6, 5, 2, 7, 1, 3], 5: [0, 6, 1, 7, 2, 4, 3], 6: [0, 3, 1, 5, 7, 2, 4], 7: [0, 3, 6, 1, 4, 2, 5]}"
Simulated_Annealing,complete,8,6.0,438,0.0748128890991211,894305,"[10.0, 9.0, 9.0, 10.0, 9.0, 8.0, 9.0, 9.0, 8.0, 6.0, 6.0]","{0: [1, 4, 6, 5, 3, 2, 7], 1: [0, 3, 2, 5, 7, 6, 4], 2: [0, 5, 6, 4, 1, 3, 7], 3: [0, 4, 7, 6, 2, 1, 5], 4: [0, 3, 2, 1, 6, 5, 7], 5: [0, 1, 2, 3, 7, 4, 6], 6: [0, 2, 5, 4, 1, 3, 7], 7: [0, 3, 6, 2, 1, 4, 5]}"
Simulated_Annealing,complete,8,7.0,13,0.00213623046875,732420,"[10.0, 9.0, 9.0, 9.0, 9.0, 8.0, 9.0, 9.0, 8.0, 7.0, 7.0]","{0: [1, 4, 5, 3, 7, 6, 2], 1: [0, 3, 5, 2, 4, 7, 6], 2: [0, 7, 4, 1, 3, 5, 6], 3: [0, 5, 2, 4, 7, 1, 6], 4: [0, 6, 1, 2, 3, 5, 7], 5: [0, 7, 4, 1, 3, 6, 2], 6: [0, 7, 3, 2, 4, 5, 1], 7: [0, 6, 2, 1, 3, 4, 5]}"
Simulated_Annealing,complete,8,6.0,397,0.061824083328247,960814,"[10.0, 10.0, 9.0, 9.0, 10.0, 10.0, 9.0, 9.0, 9.0, 6.0]","{0: [1, 6, 7, 4, 5, 2, 3], 1: [0, 3, 5, 4, 2, 7, 6], 2: [0, 1, 5, 3, 4, 7, 6], 3: [0, 4, 6, 7, 2, 5, 1], 4: [0, 2, 3, 7, 6, 5, 1], 5: [0, 2, 4, 1, 3, 6, 7], 6: [0, 4, 5, 1, 3, 7, 2], 7: [0, 4, 6, 3, 1, 5, 2]}"
Simulated_Annealing,complete,8,7.0,245,0.0406222343444824,122851,"[10.0, 10.0, 9.0, 10.0, 9.0, 9.0, 10.0, 9.0, 9.0, 7.0, 7.0]","{0: [1, 4, 2, 7, 5, 3, 6], 1: [0, 2, 5, 7, 6, 3, 4], 2: [0, 3, 1, 6, 4, 7, 5], 3: [0, 2, 4, 7, 1, 6, 5], 4: [0, 1, 3, 7, 5, 6, 2], 5: [0, 1, 4, 6, 7, 2, 3], 6: [0, 5, 7, 4, 3, 1, 2], 7: [0, 6, 3, 4, 5, 2, 1]}"
Simulated_Annealing,complete,8,6.0,449,0.0662910938262939,14300,"[9.0, 9.0, 9.0, 9.0, 10.0, 10.0, 9.0, 8.0, 8.0, 6.0, 6.0]","{0: [1, 6, 5, 7, 4, 2, 3], 1: [0, 3, 4, 2, 5, 6, 7], 2: [0, 1, 3, 6, 5, 4, 7], 3: [0, 5, 4, 7, 6, 2, 1], 4: [0, 1, 3, 6, 7, 2, 5], 5: [0, 2, 6, 1, 4, 7, 3], 6: [0, 3, 4, 1, 5, 2, 7], 7: [0, 2, 4, 5, 6, 1, 3]}"
Simulated_Annealing,complete,8,6.0,600,0.0870201587677002,455290,"[9.0, 9.0, 10.0, 10.0, 10.0, 10.0, 9.0, 9.0, 9.0, 7.0, 6.0]","{0: [1, 6, 5, 7, 2, 4, 3], 1: [0, 5, 7, 3, 4, 2, 6], 2: [0, 4, 3, 5, 1, 7, 6], 3: [0, 1, 7, 6, 2, 4, 5], 4: [0, 7, 6, 1, 2, 5, 3], 5: [0, 4, 2, 6, 7, 1, 3], 6: [0, 1, 7, 2, 5, 3, 4], 7: [0, 5, 2, 3, 1, 4, 6]}"
Simulated_Annealing,complete,8,6.0,391,0.0601799488067626,472342,"[10.0, 10.0, 9.0, 10.0, 9.0, 9.0, 8.0, 9.0, 8.0, 6.0, 6.0]","{0: [1, 4, 7, 5, 3, 2, 6], 1: [0, 6, 3, 5, 4, 7, 2], 2: [0, 4, 3, 1, 7, 5, 6], 3: [0, 1, 4, 2, 7, 6, 5], 4: [0, 3, 2, 1, 5, 6, 7], 5: [0, 2, 3, 6, 7, 4, 1], 6: [0, 2, 4, 1, 5, 3, 7], 7: [0, 3, 1, 2, 5, 6, 4]}"
Simulated_Annealing,complete,8,6.0,538,0.0761017799377441,471836,"[8.0, 8.0, 8.0, 10.0, 10.0, 10.0, 9.0, 9.0, 9.0, 7.0, 6.0]","{0: [1, 6, 2, 3, 7, 5, 4], 1: [0, 4, 5, 3, 2, 6, 7], 2: [0, 6, 4, 1, 7, 3, 5], 3: [0, 5, 6, 4, 7, 1, 2], 4: [0, 6, 3, 2, 5, 1, 7], 5: [0, 3, 7, 1, 4, 2, 6], 6: [0, 7, 4, 5, 1, 3, 2], 7: [0, 2, 3, 6, 1, 4, 5]}"
Simulated_Annealing,complete,8,5.0,766,0.1009809970855712,724119,"[9.0, 9.0, 9.0, 9.0, 9.0, 8.0, 8.0, 8.0, 7.0, 7.0, 5.0]","{0: [1, 7, 6, 2, 3, 4, 5], 1: [0, 6, 5, 3, 2, 4, 7], 2: [0, 6, 5, 7, 1, 3, 4], 3: [0, 7, 6, 5, 4, 1, 2], 4: [0, 3, 5, 1, 2, 6, 7], 5: [0, 7, 4, 3, 6, 1, 2], 6: [0, 4, 5, 3, 7, 1, 2], 7: [0, 1, 5, 4, 3, 2, 6]}"
Simulated_Annealing,complete,8,6.0,467,0.0819549560546875,758495,"[10.0, 9.0, 9.0, 10.0, 9.0, 9.0, 9.0, 8.0, 10.0, 6.0, 6.0]","{0: [1, 6, 5, 2, 4, 3, 7], 1: [0, 5, 7, 6, 2, 4, 3], 2: [0, 1, 6, 7, 5, 4, 3], 3: [0, 5, 6, 1, 4, 2, 7], 4: [0, 1, 6, 5, 7, 3, 2], 5: [0, 1, 7, 3, 2, 4, 6], 6: [0, 5, 4, 3, 1, 2, 7], 7: [0, 3, 4, 2, 1, 6, 5]}"
Simulated_Annealing,complete,8,5.0,613,0.091555118560791,19627,"[9.0, 9.0, 9.0, 10.0, 9.0, 8.0, 9.0, 10.0, 9.0, 7.0, 5.0]","{0: [1, 2, 6, 3, 4, 5, 7], 1: [0, 2, 5, 6, 3, 4, 7], 2: [0, 7, 1, 4, 5, 3, 6], 3: [0, 5, 6, 2, 7, 4, 1], 4: [0, 6, 1, 3, 5, 2, 7], 5: [0, 2, 4, 7, 1, 6, 3], 6: [0, 2, 3, 5, 7, 4, 1], 7: [0, 6, 2, 1, 5, 3, 4]}"
Simulated_Annealing,complete,8,6.0,533,0.0754017829895019,931499,"[9.0, 9.0, 8.0, 10.0, 9.0, 9.0, 9.0, 10.0, 9.0, 7.0, 6.0]","{0: [1, 6, 3, 2, 5, 7, 4], 1: [0, 2, 3, 7, 5, 4, 6], 2: [0, 6, 1, 4, 3, 7, 5], 3: [0, 1, 4, 5, 7, 2, 6], 4: [0, 5, 1, 6, 3, 7, 2], 5: [0, 2, 6, 4, 7, 3, 1], 6: [0, 2, 1, 5, 3, 4, 7], 7: [0, 1, 6, 4, 2, 3, 5]}"
Simulated_Annealing,complete,8,7.0,140,0.0238189697265625,974646,"[10.0, 9.0, 9.0, 9.0, 10.0, 10.0, 10.0, 9.0, 9.0, 7.0, 7.0]","{0: [1, 3, 7, 6, 5, 4, 2], 1: [0, 2, 7, 6, 4, 3, 5], 2: [0, 4, 5, 6, 1, 3, 7], 3: [0, 7, 6, 4, 5, 2, 1], 4: [0, 1, 7, 3, 5, 6, 2], 5: [0, 4, 2, 6, 7, 1, 3], 6: [0, 2, 3, 5, 4, 1, 7], 7: [0, 4, 6, 2, 1, 3, 5]}"
Simulated_Annealing,complete,8,6.0,784,0.1060278415679931,109651,"[8.0, 9.0, 9.0, 10.0, 9.0, 10.0, 9.0, 9.0, 8.0, 8.0, 6.0]","{0: [1, 7, 2, 3, 4, 6, 5], 1: [0, 3, 7, 5, 6, 2, 4], 2: [0, 1, 5, 6, 3, 4, 7], 3: [0, 4, 2, 5, 1, 7, 6], 4: [0, 6, 5, 1, 2, 3, 7], 5: [0, 2, 7, 3, 6, 4, 1], 6: [0, 3, 5, 2, 4, 7, 1], 7: [0, 3, 1, 5, 6, 4, 2]}"
Simulated_Annealing,complete,8,6.0,112,0.0193231105804443,366976,"[8.0, 9.0, 8.0, 9.0, 9.0, 10.0, 9.0, 9.0, 8.0, 7.0, 7.0]","{0: [1, 3, 6, 4, 7, 2, 5], 1: [0, 7, 3, 2, 6, 4, 5], 2: [0, 1, 4, 5, 6, 3, 7], 3: [0, 6, 7, 2, 5, 4, 1], 4: [0, 1, 6, 7, 2, 5, 3], 5: [0, 3, 6, 1, 4, 2, 7], 6: [0, 7, 3, 5, 4, 1, 2], 7: [0, 2, 3, 6, 1, 5, 4]}"
Simulated_Annealing,complete,8,6.0,413,0.0632569789886474,505318,"[10.0, 10.0, 9.0, 10.0, 9.0, 10.0, 7.0, 10.0, 8.0, 6.0]","{0: [1, 4, 6, 2, 5, 3, 7], 1: [0, 4, 3, 5, 7, 6, 2], 2: [0, 6, 3, 5, 7, 1, 4], 3: [0, 6, 1, 2, 5, 4, 7], 4: [0, 1, 3, 5, 6, 7, 2], 5: [0, 2, 4, 3, 7, 1, 6], 6: [0, 5, 3, 1, 4, 7, 2], 7: [0, 2, 4, 1, 5, 6, 3]}"
Simulated_Annealing,complete,8,6.0,714,0.0985140800476074,686722,"[9.0, 9.0, 9.0, 8.0, 9.0, 10.0, 9.0, 9.0, 9.0, 7.0, 6.0]","{0: [1, 2, 4, 6, 3, 7, 5], 1: [0, 5, 2, 3, 6, 4, 7], 2: [0, 1, 4, 7, 5, 6, 3], 3: [0, 5, 6, 1, 7, 4, 2], 4: [0, 3, 1, 7, 2, 5, 6], 5: [0, 7, 3, 6, 2, 4, 1], 6: [0, 5, 3, 7, 2, 4, 1], 7: [0, 6, 5, 4, 3, 1, 2]}"
Simulated_Annealing,complete,8,5.0,736,0.1004481315612793,156674,"[9.0, 10.0, 8.0, 8.0, 9.0, 10.0, 10.0, 8.0, 8.0, 8.0, 5.0]","{0: [1, 3, 4, 7, 5, 6, 2], 1: [0, 5, 6, 7, 4, 2, 3], 2: [0, 6, 5, 3, 1, 4, 7], 3: [0, 1, 4, 6, 2, 5, 7], 4: [0, 5, 7, 2, 1, 3, 6], 5: [0, 7, 6, 4, 1, 3, 2], 6: [0, 3, 7, 5, 1, 4, 2], 7: [0, 3, 2, 4, 6, 1, 5]}"
Simulated_Annealing,complete,8,5.0,916,0.1279139518737793,830415,"[9.0, 10.0, 10.0, 10.0, 10.0, 9.0, 10.0, 9.0, 10.0, 7.0, 5.0]","{0: [1, 7, 6, 5, 4, 2, 3], 1: [0, 2, 5, 6, 7, 3, 4], 2: [0, 4, 7, 5, 1, 3, 6], 3: [0, 6, 5, 7, 4, 1, 2], 4: [0, 5, 1, 3, 6, 7, 2], 5: [0, 7, 6, 3, 1, 2, 4], 6: [0, 3, 2, 5, 7, 1, 4], 7: [0, 2, 1, 6, 5, 3, 4]}"
Simulated_Annealing,complete,8,7.0,418,0.0626990795135498,978831,"[8.0, 9.0, 9.0, 10.0, 9.0, 10.0, 8.0, 9.0, 10.0, 7.0, 7.0]","{0: [1, 7, 4, 2, 5, 6, 3], 1: [0, 3, 5, 2, 4, 7, 6], 2: [0, 1, 5, 4, 6, 3, 7], 3: [0, 4, 7, 2, 6, 5, 1], 4: [0, 6, 7, 3, 2, 5, 1], 5: [0, 4, 3, 6, 7, 1, 2], 6: [0, 5, 3, 7, 2, 1, 4], 7: [0, 1, 5, 2, 6, 3, 4]}"
Simulated_Annealing,complete,8,6.0,571,0.0800890922546386,570475,"[10.0, 9.0, 9.0, 10.0, 10.0, 9.0, 10.0, 8.0, 10.0, 7.0, 6.0]","{0: [1, 7, 3, 4, 5, 6, 2], 1: [0, 4, 3, 2, 5, 6, 7], 2: [0, 7, 5, 6, 1, 4, 3], 3: [0, 4, 1, 2, 7, 5, 6], 4: [0, 6, 2, 3, 7, 5, 1], 5: [0, 2, 1, 3, 6, 4, 7], 6: [0, 4, 3, 1, 2, 5, 7], 7: [0, 1, 2, 6, 3, 5, 4]}"
Simulated_Annealing,complete,8,6.0,480,0.0740330219268798,952776,"[8.0, 9.0, 10.0, 9.0, 10.0, 10.0, 9.0, 10.0, 9.0, 6.0, 6.0]","{0: [1, 6, 4, 7, 2, 5, 3], 1: [0, 5, 2, 6, 3, 7, 4], 2: [0, 3, 7, 6, 4, 5, 1], 3: [0, 6, 5, 2, 1, 7, 4], 4: [0, 6, 1, 7, 3, 2, 5], 5: [0, 1, 7, 3, 2, 4, 6], 6: [0, 4, 7, 1, 3, 5, 2], 7: [0, 2, 5, 3, 6, 4, 1]}"
Simulated_Annealing,complete,8,5.0,888,0.1119952201843261,420272,"[9.0, 9.0, 9.0, 7.0, 9.0, 10.0, 9.0, 9.0, 9.0, 7.0, 5.0]","{0: [1, 5, 7, 2, 4, 6, 3], 1: [0, 3, 7, 2, 4, 6, 5], 2: [0, 6, 3, 1, 7, 5, 4], 3: [0, 4, 2, 7, 5, 6, 1], 4: [0, 2, 1, 3, 7, 5, 6], 5: [0, 1, 6, 4, 3, 7, 2], 6: [0, 4, 5, 1, 3, 2, 7], 7: [0, 2, 5, 3, 4, 1, 6]}"
Simulated_Annealing,complete,8,5.0,528,0.0753910541534423,388252,"[9.0, 8.0, 9.0, 9.0, 9.0, 9.0, 9.0, 10.0, 8.0, 6.0, 5.0]","{0: [1, 2, 3, 6, 4, 5, 7], 1: [0, 5, 4, 2, 6, 7, 3], 2: [0, 5, 7, 6, 1, 4, 3], 3: [0, 5, 1, 7, 2, 4, 6], 4: [0, 7, 5, 1, 6, 3, 2], 5: [0, 4, 1, 2, 3, 6, 7], 6: [0, 3, 4, 5, 1, 2, 7], 7: [0, 5, 4, 6, 2, 3, 1]}"
Simulated_Annealing,complete,8,6.0,370,0.0589792728424072,611647,"[9.0, 10.0, 10.0, 10.0, 9.0, 10.0, 10.0, 10.0, 10.0, 6.0]","{0: [1, 6, 5, 4, 2, 7, 3], 1: [0, 5, 2, 3, 6, 7, 4], 2: [0, 1, 3, 4, 5, 6, 7], 3: [0, 2, 5, 7, 4, 6, 1], 4: [0, 1, 2, 5, 7, 6, 3], 5: [0, 2, 4, 3, 1, 6, 7], 6: [0, 3, 4, 7, 5, 1, 2], 7: [0, 2, 5, 6, 4, 1, 3]}"
Simulated_Annealing,complete,8,6.0,486,0.0747129917144775,506357,"[10.0, 10.0, 10.0, 10.0, 9.0, 9.0, 10.0, 10.0, 8.0, 6.0, 6.0, 6.0]","{0: [1, 4, 2, 3, 7, 6, 5], 1: [0, 7, 5, 6, 3, 2, 4], 2: [0, 1, 3, 6, 5, 4, 7], 3: [0, 4, 5, 7, 1, 6, 2], 4: [0, 1, 5, 6, 2, 3, 7], 5: [0, 2, 3, 1, 6, 4, 7], 6: [0, 2, 5, 7, 4, 3, 1], 7: [0, 3, 6, 1, 5, 4, 2]}"
Simulated_Annealing,complete,8,6.0,469,0.0690360069274902,816138,"[10.0, 9.0, 10.0, 10.0, 9.0, 10.0, 10.0, 10.0, 7.0, 6.0, 6.0]","{0: [1, 4, 5, 6, 3, 2, 7], 1: [0, 3, 4, 7, 2, 5, 6], 2: [0, 7, 6, 1, 4, 5, 3], 3: [0, 4, 2, 7, 6, 1, 5], 4: [0, 5, 1, 6, 2, 3, 7], 5: [0, 3, 2, 6, 1, 7, 4], 6: [0, 1, 5, 4, 3, 2, 7], 7: [0, 1, 5, 4, 6, 2, 3]}"
Simulated_Annealing,complete,8,6.0,398,0.085763931274414,383865,"[9.0, 10.0, 10.0, 9.0, 10.0, 9.0, 10.0, 9.0, 10.0, 6.0]","{0: [1, 2, 4, 3, 6, 5, 7], 1: [0, 7, 4, 2, 6, 5, 3], 2: [0, 3, 4, 7, 6, 5, 1], 3: [0, 6, 2, 1, 4, 5, 7], 4: [0, 2, 6, 5, 3, 1, 7], 5: [0, 6, 3, 4, 2, 7, 1], 6: [0, 5, 4, 3, 2, 7, 1], 7: [0, 6, 2, 5, 4, 3, 1]}"
Simulated_Annealing,complete,8,6.0,417,0.0617401599884033,953123,"[8.0, 9.0, 8.0, 8.0, 9.0, 10.0, 9.0, 9.0, 8.0, 6.0]","{0: [1, 4, 7, 3, 2, 5, 6], 1: [0, 7, 2, 5, 6, 4, 3], 2: [0, 3, 6, 7, 5, 1, 4], 3: [0, 6, 7, 1, 4, 5, 2], 4: [0, 5, 3, 6, 7, 1, 2], 5: [0, 6, 3, 4, 1, 2, 7], 6: [0, 3, 2, 1, 5, 4, 7], 7: [0, 1, 6, 4, 3, 5, 2]}"
Simulated_Annealing,complete,8,6.0,491,0.0687091350555419,995335,"[9.0, 9.0, 10.0, 8.0, 8.0, 9.0, 9.0, 9.0, 9.0, 6.0, 6.0]","{0: [1, 3, 5, 2, 6, 7, 4], 1: [0, 4, 7, 3, 2, 6, 5], 2: [0, 4, 7, 6, 1, 3, 5], 3: [0, 6, 2, 1, 7, 4, 5], 4: [0, 2, 6, 5, 3, 7, 1], 5: [0, 6, 2, 1, 3, 7, 4], 6: [0, 5, 1, 3, 2, 4, 7], 7: [0, 4, 5, 3, 1, 6, 2]}"
Simulated_Annealing,complete,8,6.0,1149,0.1438488960266113,417206,"[10.0, 9.0, 9.0, 9.0, 10.0, 9.0, 8.0, 10.0, 9.0, 7.0, 7.0, 6.0]","{0: [1, 3, 5, 6, 7, 2, 4], 1: [0, 3, 7, 6, 2, 4, 5], 2: [0, 4, 1, 6, 5, 7, 3], 3: [0, 6, 4, 1, 2, 5, 7], 4: [0, 2, 6, 3, 7, 5, 1], 5: [0, 1, 4, 3, 7, 2, 6], 6: [0, 5, 2, 4, 7, 1, 3], 7: [0, 3, 5, 2, 4, 1, 6]}"
Simulated_Annealing,complete,8,7.0,152,0.0260229110717773,768684,"[9.0, 9.0, 9.0, 9.0, 10.0, 10.0, 10.0, 10.0, 9.0, 8.0, 7.0]","{0: [1, 6, 7, 5, 3, 4, 2], 1: [0, 4, 5, 6, 3, 2, 7], 2: [0, 1, 5, 3, 4, 6, 7], 3: [0, 4, 7, 6, 2, 5, 1], 4: [0, 2, 5, 7, 3, 6, 1], 5: [0, 2, 1, 3, 7, 6, 4], 6: [0, 2, 1, 4, 3, 7, 5], 7: [0, 5, 4, 1, 2, 6, 3]}"
Simulated_Annealing,complete,8,5.0,848,0.1133980751037597,753824,"[9.0, 10.0, 9.0, 9.0, 9.0, 9.0, 9.0, 9.0, 9.0, 6.0, 5.0]","{0: [1, 3, 5, 4, 6, 7, 2], 1: [0, 4, 3, 7, 2, 6, 5], 2: [0, 1, 7, 3, 4, 6, 5], 3: [0, 5, 6, 1, 2, 7, 4], 4: [0, 6, 2, 1, 5, 3, 7], 5: [0, 3, 1, 6, 4, 2, 7], 6: [0, 7, 5, 1, 2, 4, 3], 7: [0, 6, 4, 3, 2, 1, 5]}"
Simulated_Annealing,complete,8,5.0,824,0.1090598106384277,50936,"[9.0, 9.0, 10.0, 9.0, 10.0, 9.0, 10.0, 10.0, 8.0, 7.0, 5.0]","{0: [1, 5, 2, 3, 4, 6, 7], 1: [0, 6, 7, 3, 4, 2, 5], 2: [0, 7, 5, 1, 4, 3, 6], 3: [0, 1, 7, 6, 2, 4, 5], 4: [0, 5, 7, 6, 3, 2, 1], 5: [0, 1, 2, 7, 4, 3, 6], 6: [0, 7, 1, 2, 3, 5, 4], 7: [0, 4, 5, 6, 2, 3, 1]}"
Simulated_Annealing,complete,8,5.0,776,0.1036937236785888,753374,"[9.0, 9.0, 9.0, 10.0, 9.0, 10.0, 10.0, 9.0, 9.0, 7.0, 5.0]","{0: [1, 4, 6, 2, 3, 5, 7], 1: [0, 4, 5, 7, 3, 2, 6], 2: [0, 5, 6, 4, 3, 7, 1], 3: [0, 1, 2, 4, 5, 6, 7], 4: [0, 7, 5, 3, 2, 1, 6], 5: [0, 1, 7, 4, 6, 2, 3], 6: [0, 4, 1, 2, 5, 7, 3], 7: [0, 5, 2, 1, 3, 6, 4]}"
Simulated_Annealing,complete,8,7.0,13,0.0021929740905761,474054,"[10.0, 10.0, 10.0, 9.0, 8.0, 9.0, 10.0, 9.0, 9.0, 7.0]","{0: [1, 7, 5, 6, 3, 4, 2], 1: [0, 4, 2, 3, 6, 5, 7], 2: [0, 5, 1, 7, 4, 3, 6], 3: [0, 1, 6, 7, 2, 5, 4], 4: [0, 3, 2, 7, 6, 5, 1], 5: [0, 7, 1, 6, 4, 3, 2], 6: [0, 4, 1, 3, 2, 5, 7], 7: [0, 4, 2, 3, 6, 1, 5]}"
Simulated_Annealing,complete,8,6.0,208,0.0414040088653564,891289,"[10.0, 10.0, 10.0, 10.0, 9.0, 10.0, 10.0, 10.0, 9.0, 7.0, 6.0]","{0: [1, 4, 7, 6, 3, 5, 2], 1: [0, 6, 3, 5, 7, 4, 2], 2: [0, 5, 6, 4, 1, 7, 3], 3: [0, 6, 2, 1, 7, 5, 4], 4: [0, 2, 5, 7, 6, 1, 3], 5: [0, 3, 7, 6, 1, 4, 2], 6: [0, 4, 2, 7, 5, 1, 3], 7: [0, 5, 3, 1, 6, 4, 2]}"
Simulated_Annealing,complete,8,6.0,525,0.081916332244873,490228,"[9.0, 8.0, 8.0, 8.0, 10.0, 9.0, 9.0, 9.0, 9.0, 7.0, 6.0]","{0: [1, 2, 5, 6, 3, 4, 7], 1: [0, 4, 5, 7, 3, 6, 2], 2: [0, 1, 3, 5, 7, 6, 4], 3: [0, 4, 7, 6, 5, 2, 1], 4: [0, 1, 3, 5, 6, 2, 7], 5: [0, 1, 4, 6, 7, 2, 3], 6: [0, 7, 4, 1, 2, 3, 5], 7: [0, 4, 1, 6, 2, 5, 3]}"
Simulated_Annealing,complete,8,5.0,656,0.0882549285888671,556561,"[10.0, 10.0, 10.0, 10.0, 10.0, 10.0, 9.0, 9.0, 7.0, 6.0, 5.0]","{0: [1, 2, 4, 7, 5, 6, 3], 1: [0, 6, 3, 7, 4, 5, 2], 2: [0, 1, 6, 3, 4, 5, 7], 3: [0, 4, 2, 5, 1, 7, 6], 4: [0, 7, 5, 1, 2, 3, 6], 5: [0, 2, 1, 4, 7, 3, 6], 6: [0, 2, 1, 5, 3, 7, 4], 7: [0, 6, 3, 1, 5, 4, 2]}"
Simulated_Annealing,complete,8,6.0,473,0.1115272045135498,434932,"[10.0, 10.0, 10.0, 8.0, 9.0, 9.0, 10.0, 9.0, 9.0, 6.0, 6.0]","{0: [1, 7, 2, 5, 4, 3, 6], 1: [0, 7, 5, 6, 3, 4, 2], 2: [0, 3, 7, 6, 4, 1, 5], 3: [0, 1, 2, 6, 5, 7, 4], 4: [0, 5, 2, 7, 1, 6, 3], 5: [0, 2, 6, 3, 1, 7, 4], 6: [0, 4, 1, 3, 2, 5, 7], 7: [0, 5, 1, 6, 3, 2, 4]}"
Simulated_Annealing,complete,8,5.0,482,0.0739140510559082,337975,"[10.0, 10.0, 10.0, 10.0, 9.0, 9.0, 8.0, 7.0, 10.0, 5.0, 5.0]","{0: [1, 2, 6, 4, 3, 7, 5], 1: [0, 6, 3, 5, 7, 4, 2], 2: [0, 4, 1, 3, 5, 7, 6], 3: [0, 1, 6, 4, 7, 5, 2], 4: [0, 6, 2, 1, 7, 3, 5], 5: [0, 7, 1, 4, 2, 3, 6], 6: [0, 7, 3, 1, 5, 2, 4], 7: [0, 2, 6, 3, 4, 1, 5]}"
Simulated_Annealing,complete,8,6.0,446,0.0689053535461425,799183,"[9.0, 10.0, 10.0, 9.0, 10.0, 10.0, 8.0, 10.0, 7.0, 6.0, 6.0]","{0: [1, 4, 7, 2, 6, 5, 3], 1: [0, 5, 2, 3, 6, 4, 7], 2: [0, 7, 5, 1, 4, 6, 3], 3: [0, 7, 6, 2, 1, 5, 4], 4: [0, 1, 3, 5, 6, 2, 7], 5: [0, 7, 1, 6, 4, 3, 2], 6: [0, 4, 7, 5, 1, 2, 3], 7: [0, 4, 6, 1, 5, 3, 2]}"
Simulated_Annealing,complete,8,6.0,312,0.0496020317077636,461557,"[10.0, 10.0, 10.0, 8.0, 9.0, 8.0, 10.0, 9.0, 8.0, 7.0, 6.0]","{0: [1, 6, 4, 2, 7, 5, 3], 1: [0, 4, 6, 5, 7, 2, 3], 2: [0, 5, 7, 1, 3, 4, 6], 3: [0, 5, 4, 6, 2, 1, 7], 4: [0, 6, 5, 1, 2, 7, 3], 5: [0, 4, 7, 6, 1, 2, 3], 6: [0, 2, 7, 5, 3, 1, 4], 7: [0, 1, 6, 3, 2, 4, 5]}"
Simulated_Annealing,complete,8,6.0,507,0.0723922252655029,383220,"[9.0, 8.0, 8.0, 9.0, 10.0, 8.0, 9.0, 9.0, 8.0, 6.0, 6.0]","{0: [1, 5, 2, 3, 7, 4, 6], 1: [0, 6, 3, 5, 2, 4, 7], 2: [0, 4, 7, 6, 1, 5, 3], 3: [0, 2, 5, 1, 6, 7, 4], 4: [0, 7, 2, 1, 6, 3, 5], 5: [0, 6, 1, 3, 2, 4, 7], 6: [0, 4, 2, 3, 1, 5, 7], 7: [0, 6, 1, 5, 4, 3, 2]}"
