Algorithm,Number of Nodes,Is Complete,Final Fitness,Plato,Time,Seed,Fitness List,Final State
Random_Hill_Climb,6,True,1,79,0.000662088394165,270043,"[2, 2, 2, 2, 2, 2, 2, 1, 1, 1]","{0: [6, 8, 9], 1: [7, 10, 9], 2: [8, 11, 10], 3: [9, 11, 6], 4: [10, 6, 7], 5: [11, 8, 7], 6: [0, 3, 4], 7: [1, 4, 5], 8: [0, 5, 2], 9: [0, 1, 3], 10: [1, 4, 2], 11: [2, 5, 3]}"
Random_Hill_Climb,6,True,1,79,0.0006358623504638,840549,"[2, 2, 2, 2, 2, 2, 2, 1, 1, 1]","{0: [6, 8, 9], 1: [7, 10, 9], 2: [8, 11, 10], 3: [9, 11, 6], 4: [10, 6, 7], 5: [11, 8, 7], 6: [0, 3, 4], 7: [1, 4, 5], 8: [0, 5, 2], 9: [0, 1, 3], 10: [1, 4, 2], 11: [2, 5, 3]}"
Random_Hill_Climb,6,True,1,79,0.0006618499755859,236698,"[2, 2, 2, 2, 2, 2, 2, 1, 1, 1]","{0: [6, 8, 9], 1: [7, 10, 9], 2: [8, 11, 10], 3: [9, 11, 6], 4: [10, 6, 7], 5: [11, 8, 7], 6: [0, 3, 4], 7: [1, 4, 5], 8: [0, 5, 2], 9: [0, 1, 3], 10: [1, 4, 2], 11: [2, 5, 3]}"
Random_Hill_Climb,6,True,1,79,0.0006449222564697,297184,"[2, 2, 2, 2, 2, 2, 2, 1, 1, 1]","{0: [6, 8, 9], 1: [7, 10, 9], 2: [8, 11, 10], 3: [9, 11, 6], 4: [10, 6, 7], 5: [11, 8, 7], 6: [0, 3, 4], 7: [1, 4, 5], 8: [0, 5, 2], 9: [0, 1, 3], 10: [1, 4, 2], 11: [2, 5, 3]}"
Random_Hill_Climb,6,True,1,79,0.0005979537963867,103188,"[2, 2, 2, 2, 2, 2, 2, 1, 1, 1]","{0: [6, 8, 9], 1: [7, 10, 9], 2: [8, 11, 10], 3: [9, 11, 6], 4: [10, 6, 7], 5: [11, 8, 7], 6: [0, 3, 4], 7: [1, 4, 5], 8: [0, 5, 2], 9: [0, 1, 3], 10: [1, 4, 2], 11: [2, 5, 3]}"
Random_Hill_Climb,6,True,1,79,0.000662088394165,350980,"[2, 2, 2, 2, 2, 2, 2, 1, 1, 1]","{0: [6, 8, 9], 1: [7, 10, 9], 2: [8, 11, 10], 3: [9, 11, 6], 4: [10, 6, 7], 5: [11, 8, 7], 6: [0, 3, 4], 7: [1, 4, 5], 8: [0, 5, 2], 9: [0, 1, 3], 10: [1, 4, 2], 11: [2, 5, 3]}"
Random_Hill_Climb,6,True,1,79,0.0006730556488037,483339,"[2, 2, 2, 2, 2, 2, 2, 1, 1, 1]","{0: [6, 8, 9], 1: [7, 10, 9], 2: [8, 11, 10], 3: [9, 11, 6], 4: [10, 6, 7], 5: [11, 8, 7], 6: [0, 3, 4], 7: [1, 4, 5], 8: [0, 5, 2], 9: [0, 1, 3], 10: [1, 4, 2], 11: [2, 5, 3]}"
Random_Hill_Climb,6,True,1,79,0.0006067752838134,598795,"[2, 2, 2, 2, 2, 2, 2, 1, 1, 1]","{0: [6, 8, 9], 1: [7, 10, 9], 2: [8, 11, 10], 3: [9, 11, 6], 4: [10, 6, 7], 5: [11, 8, 7], 6: [0, 3, 4], 7: [1, 4, 5], 8: [0, 5, 2], 9: [0, 1, 3], 10: [1, 4, 2], 11: [2, 5, 3]}"
Random_Hill_Climb,6,True,1,79,0.0006680488586425,787630,"[2, 2, 2, 2, 2, 2, 2, 1, 1, 1]","{0: [6, 8, 9], 1: [7, 10, 9], 2: [8, 11, 10], 3: [9, 11, 6], 4: [10, 6, 7], 5: [11, 8, 7], 6: [0, 3, 4], 7: [1, 4, 5], 8: [0, 5, 2], 9: [0, 1, 3], 10: [1, 4, 2], 11: [2, 5, 3]}"
Random_Hill_Climb,6,True,1,79,0.0006260871887207,822598,"[2, 2, 2, 2, 2, 2, 2, 1, 1, 1]","{0: [6, 8, 9], 1: [7, 10, 9], 2: [8, 11, 10], 3: [9, 11, 6], 4: [10, 6, 7], 5: [11, 8, 7], 6: [0, 3, 4], 7: [1, 4, 5], 8: [0, 5, 2], 9: [0, 1, 3], 10: [1, 4, 2], 11: [2, 5, 3]}"
Random_Hill_Climb,6,True,1,79,0.000615119934082,395206,"[2, 2, 2, 2, 2, 2, 2, 1, 1, 1]","{0: [6, 8, 9], 1: [7, 10, 9], 2: [8, 11, 10], 3: [9, 11, 6], 4: [10, 6, 7], 5: [11, 8, 7], 6: [0, 3, 4], 7: [1, 4, 5], 8: [0, 5, 2], 9: [0, 1, 3], 10: [1, 4, 2], 11: [2, 5, 3]}"
Random_Hill_Climb,6,True,1,79,0.0005929470062255,614483,"[2, 2, 2, 2, 2, 2, 2, 1, 1, 1]","{0: [6, 8, 9], 1: [7, 10, 9], 2: [8, 11, 10], 3: [9, 11, 6], 4: [10, 6, 7], 5: [11, 8, 7], 6: [0, 3, 4], 7: [1, 4, 5], 8: [0, 5, 2], 9: [0, 1, 3], 10: [1, 4, 2], 11: [2, 5, 3]}"
Random_Hill_Climb,6,True,1,79,0.0006401538848876,432923,"[2, 2, 2, 2, 2, 2, 2, 1, 1, 1]","{0: [6, 8, 9], 1: [7, 10, 9], 2: [8, 11, 10], 3: [9, 11, 6], 4: [10, 6, 7], 5: [11, 8, 7], 6: [0, 3, 4], 7: [1, 4, 5], 8: [0, 5, 2], 9: [0, 1, 3], 10: [1, 4, 2], 11: [2, 5, 3]}"
Random_Hill_Climb,6,True,1,79,0.0007038116455078,85717,"[2, 2, 2, 2, 2, 2, 2, 1, 1, 1]","{0: [6, 8, 9], 1: [7, 10, 9], 2: [8, 11, 10], 3: [9, 11, 6], 4: [10, 6, 7], 5: [11, 8, 7], 6: [0, 3, 4], 7: [1, 4, 5], 8: [0, 5, 2], 9: [0, 1, 3], 10: [1, 4, 2], 11: [2, 5, 3]}"
Random_Hill_Climb,6,True,1,79,0.0006690025329589,854374,"[2, 2, 2, 2, 2, 2, 2, 1, 1, 1]","{0: [6, 8, 9], 1: [7, 10, 9], 2: [8, 11, 10], 3: [9, 11, 6], 4: [10, 6, 7], 5: [11, 8, 7], 6: [0, 3, 4], 7: [1, 4, 5], 8: [0, 5, 2], 9: [0, 1, 3], 10: [1, 4, 2], 11: [2, 5, 3]}"
Random_Hill_Climb,6,True,1,79,0.0005953311920166,966584,"[2, 2, 2, 2, 2, 2, 2, 1, 1, 1]","{0: [6, 8, 9], 1: [7, 10, 9], 2: [8, 11, 10], 3: [9, 11, 6], 4: [10, 6, 7], 5: [11, 8, 7], 6: [0, 3, 4], 7: [1, 4, 5], 8: [0, 5, 2], 9: [0, 1, 3], 10: [1, 4, 2], 11: [2, 5, 3]}"
Random_Hill_Climb,6,True,1,79,0.0006411075592041,352437,"[2, 2, 2, 2, 2, 2, 2, 1, 1, 1]","{0: [6, 8, 9], 1: [7, 10, 9], 2: [8, 11, 10], 3: [9, 11, 6], 4: [10, 6, 7], 5: [11, 8, 7], 6: [0, 3, 4], 7: [1, 4, 5], 8: [0, 5, 2], 9: [0, 1, 3], 10: [1, 4, 2], 11: [2, 5, 3]}"
Random_Hill_Climb,6,True,1,79,0.0006380081176757,854626,"[2, 2, 2, 2, 2, 2, 2, 1, 1, 1]","{0: [6, 8, 9], 1: [7, 10, 9], 2: [8, 11, 10], 3: [9, 11, 6], 4: [10, 6, 7], 5: [11, 8, 7], 6: [0, 3, 4], 7: [1, 4, 5], 8: [0, 5, 2], 9: [0, 1, 3], 10: [1, 4, 2], 11: [2, 5, 3]}"
Random_Hill_Climb,6,True,1,79,0.0005979537963867,73686,"[2, 2, 2, 2, 2, 2, 2, 1, 1, 1]","{0: [6, 8, 9], 1: [7, 10, 9], 2: [8, 11, 10], 3: [9, 11, 6], 4: [10, 6, 7], 5: [11, 8, 7], 6: [0, 3, 4], 7: [1, 4, 5], 8: [0, 5, 2], 9: [0, 1, 3], 10: [1, 4, 2], 11: [2, 5, 3]}"
Random_Hill_Climb,6,True,1,79,0.0006349086761474,701211,"[2, 2, 2, 2, 2, 2, 2, 1, 1, 1]","{0: [6, 8, 9], 1: [7, 10, 9], 2: [8, 11, 10], 3: [9, 11, 6], 4: [10, 6, 7], 5: [11, 8, 7], 6: [0, 3, 4], 7: [1, 4, 5], 8: [0, 5, 2], 9: [0, 1, 3], 10: [1, 4, 2], 11: [2, 5, 3]}"
Random_Hill_Climb,6,True,1,79,0.00059175491333,649456,"[2, 2, 2, 2, 2, 2, 2, 1, 1, 1]","{0: [6, 8, 9], 1: [7, 10, 9], 2: [8, 11, 10], 3: [9, 11, 6], 4: [10, 6, 7], 5: [11, 8, 7], 6: [0, 3, 4], 7: [1, 4, 5], 8: [0, 5, 2], 9: [0, 1, 3], 10: [1, 4, 2], 11: [2, 5, 3]}"
Random_Hill_Climb,6,True,1,79,0.0005948543548583,721298,"[2, 2, 2, 2, 2, 2, 2, 1, 1, 1]","{0: [6, 8, 9], 1: [7, 10, 9], 2: [8, 11, 10], 3: [9, 11, 6], 4: [10, 6, 7], 5: [11, 8, 7], 6: [0, 3, 4], 7: [1, 4, 5], 8: [0, 5, 2], 9: [0, 1, 3], 10: [1, 4, 2], 11: [2, 5, 3]}"
Random_Hill_Climb,6,True,1,79,0.0006628036499023,27538,"[2, 2, 2, 2, 2, 2, 2, 1, 1, 1]","{0: [6, 8, 9], 1: [7, 10, 9], 2: [8, 11, 10], 3: [9, 11, 6], 4: [10, 6, 7], 5: [11, 8, 7], 6: [0, 3, 4], 7: [1, 4, 5], 8: [0, 5, 2], 9: [0, 1, 3], 10: [1, 4, 2], 11: [2, 5, 3]}"
Random_Hill_Climb,6,True,1,79,0.0006489753723144,459521,"[2, 2, 2, 2, 2, 2, 2, 1, 1, 1]","{0: [6, 8, 9], 1: [7, 10, 9], 2: [8, 11, 10], 3: [9, 11, 6], 4: [10, 6, 7], 5: [11, 8, 7], 6: [0, 3, 4], 7: [1, 4, 5], 8: [0, 5, 2], 9: [0, 1, 3], 10: [1, 4, 2], 11: [2, 5, 3]}"
Random_Hill_Climb,6,True,1,79,0.000594139099121,857494,"[2, 2, 2, 2, 2, 2, 2, 1, 1, 1]","{0: [6, 8, 9], 1: [7, 10, 9], 2: [8, 11, 10], 3: [9, 11, 6], 4: [10, 6, 7], 5: [11, 8, 7], 6: [0, 3, 4], 7: [1, 4, 5], 8: [0, 5, 2], 9: [0, 1, 3], 10: [1, 4, 2], 11: [2, 5, 3]}"
Random_Hill_Climb,6,True,1,79,0.0006380081176757,874309,"[2, 2, 2, 2, 2, 2, 2, 1, 1, 1]","{0: [6, 8, 9], 1: [7, 10, 9], 2: [8, 11, 10], 3: [9, 11, 6], 4: [10, 6, 7], 5: [11, 8, 7], 6: [0, 3, 4], 7: [1, 4, 5], 8: [0, 5, 2], 9: [0, 1, 3], 10: [1, 4, 2], 11: [2, 5, 3]}"
Random_Hill_Climb,6,True,1,79,0.000648021697998,523357,"[2, 2, 2, 2, 2, 2, 2, 1, 1, 1]","{0: [6, 8, 9], 1: [7, 10, 9], 2: [8, 11, 10], 3: [9, 11, 6], 4: [10, 6, 7], 5: [11, 8, 7], 6: [0, 3, 4], 7: [1, 4, 5], 8: [0, 5, 2], 9: [0, 1, 3], 10: [1, 4, 2], 11: [2, 5, 3]}"
Random_Hill_Climb,6,True,1,79,0.0006377696990966,292038,"[2, 2, 2, 2, 2, 2, 2, 1, 1, 1]","{0: [6, 8, 9], 1: [7, 10, 9], 2: [8, 11, 10], 3: [9, 11, 6], 4: [10, 6, 7], 5: [11, 8, 7], 6: [0, 3, 4], 7: [1, 4, 5], 8: [0, 5, 2], 9: [0, 1, 3], 10: [1, 4, 2], 11: [2, 5, 3]}"
Random_Hill_Climb,6,True,1,79,0.0006439685821533,174186,"[2, 2, 2, 2, 2, 2, 2, 1, 1, 1]","{0: [6, 8, 9], 1: [7, 10, 9], 2: [8, 11, 10], 3: [9, 11, 6], 4: [10, 6, 7], 5: [11, 8, 7], 6: [0, 3, 4], 7: [1, 4, 5], 8: [0, 5, 2], 9: [0, 1, 3], 10: [1, 4, 2], 11: [2, 5, 3]}"
Random_Hill_Climb,6,True,1,79,0.00059175491333,407170,"[2, 2, 2, 2, 2, 2, 2, 1, 1, 1]","{0: [6, 8, 9], 1: [7, 10, 9], 2: [8, 11, 10], 3: [9, 11, 6], 4: [10, 6, 7], 5: [11, 8, 7], 6: [0, 3, 4], 7: [1, 4, 5], 8: [0, 5, 2], 9: [0, 1, 3], 10: [1, 4, 2], 11: [2, 5, 3]}"
Random_Hill_Climb,6,True,1,79,0.0006012916564941,695769,"[2, 2, 2, 2, 2, 2, 2, 1, 1, 1]","{0: [6, 8, 9], 1: [7, 10, 9], 2: [8, 11, 10], 3: [9, 11, 6], 4: [10, 6, 7], 5: [11, 8, 7], 6: [0, 3, 4], 7: [1, 4, 5], 8: [0, 5, 2], 9: [0, 1, 3], 10: [1, 4, 2], 11: [2, 5, 3]}"
Random_Hill_Climb,6,True,1,79,0.0007798671722412,102673,"[2, 2, 2, 2, 2, 2, 2, 1, 1, 1]","{0: [6, 8, 9], 1: [7, 10, 9], 2: [8, 11, 10], 3: [9, 11, 6], 4: [10, 6, 7], 5: [11, 8, 7], 6: [0, 3, 4], 7: [1, 4, 5], 8: [0, 5, 2], 9: [0, 1, 3], 10: [1, 4, 2], 11: [2, 5, 3]}"
Random_Hill_Climb,6,True,1,79,0.0005991458892822,582202,"[2, 2, 2, 2, 2, 2, 2, 1, 1, 1]","{0: [6, 8, 9], 1: [7, 10, 9], 2: [8, 11, 10], 3: [9, 11, 6], 4: [10, 6, 7], 5: [11, 8, 7], 6: [0, 3, 4], 7: [1, 4, 5], 8: [0, 5, 2], 9: [0, 1, 3], 10: [1, 4, 2], 11: [2, 5, 3]}"
Random_Hill_Climb,6,True,1,79,0.0006589889526367,735149,"[2, 2, 2, 2, 2, 2, 2, 1, 1, 1]","{0: [6, 8, 9], 1: [7, 10, 9], 2: [8, 11, 10], 3: [9, 11, 6], 4: [10, 6, 7], 5: [11, 8, 7], 6: [0, 3, 4], 7: [1, 4, 5], 8: [0, 5, 2], 9: [0, 1, 3], 10: [1, 4, 2], 11: [2, 5, 3]}"
Random_Hill_Climb,6,True,1,79,0.0006299018859863,697091,"[2, 2, 2, 2, 2, 2, 2, 1, 1, 1]","{0: [6, 8, 9], 1: [7, 10, 9], 2: [8, 11, 10], 3: [9, 11, 6], 4: [10, 6, 7], 5: [11, 8, 7], 6: [0, 3, 4], 7: [1, 4, 5], 8: [0, 5, 2], 9: [0, 1, 3], 10: [1, 4, 2], 11: [2, 5, 3]}"
Random_Hill_Climb,6,True,1,79,0.0006301403045654,661674,"[2, 2, 2, 2, 2, 2, 2, 1, 1, 1]","{0: [6, 8, 9], 1: [7, 10, 9], 2: [8, 11, 10], 3: [9, 11, 6], 4: [10, 6, 7], 5: [11, 8, 7], 6: [0, 3, 4], 7: [1, 4, 5], 8: [0, 5, 2], 9: [0, 1, 3], 10: [1, 4, 2], 11: [2, 5, 3]}"
Random_Hill_Climb,6,True,1,79,0.0006349086761474,710618,"[2, 2, 2, 2, 2, 2, 2, 1, 1, 1]","{0: [6, 8, 9], 1: [7, 10, 9], 2: [8, 11, 10], 3: [9, 11, 6], 4: [10, 6, 7], 5: [11, 8, 7], 6: [0, 3, 4], 7: [1, 4, 5], 8: [0, 5, 2], 9: [0, 1, 3], 10: [1, 4, 2], 11: [2, 5, 3]}"
Random_Hill_Climb,6,True,1,79,0.0006818771362304,395932,"[2, 2, 2, 2, 2, 2, 2, 1, 1, 1]","{0: [6, 8, 9], 1: [7, 10, 9], 2: [8, 11, 10], 3: [9, 11, 6], 4: [10, 6, 7], 5: [11, 8, 7], 6: [0, 3, 4], 7: [1, 4, 5], 8: [0, 5, 2], 9: [0, 1, 3], 10: [1, 4, 2], 11: [2, 5, 3]}"
Random_Hill_Climb,6,True,1,79,0.0006098747253417,750652,"[2, 2, 2, 2, 2, 2, 2, 1, 1, 1]","{0: [6, 8, 9], 1: [7, 10, 9], 2: [8, 11, 10], 3: [9, 11, 6], 4: [10, 6, 7], 5: [11, 8, 7], 6: [0, 3, 4], 7: [1, 4, 5], 8: [0, 5, 2], 9: [0, 1, 3], 10: [1, 4, 2], 11: [2, 5, 3]}"
Random_Hill_Climb,6,True,1,79,0.0006299018859863,512894,"[2, 2, 2, 2, 2, 2, 2, 1, 1, 1]","{0: [6, 8, 9], 1: [7, 10, 9], 2: [8, 11, 10], 3: [9, 11, 6], 4: [10, 6, 7], 5: [11, 8, 7], 6: [0, 3, 4], 7: [1, 4, 5], 8: [0, 5, 2], 9: [0, 1, 3], 10: [1, 4, 2], 11: [2, 5, 3]}"
Random_Hill_Climb,6,True,1,79,0.0006439685821533,530462,"[2, 2, 2, 2, 2, 2, 2, 1, 1, 1]","{0: [6, 8, 9], 1: [7, 10, 9], 2: [8, 11, 10], 3: [9, 11, 6], 4: [10, 6, 7], 5: [11, 8, 7], 6: [0, 3, 4], 7: [1, 4, 5], 8: [0, 5, 2], 9: [0, 1, 3], 10: [1, 4, 2], 11: [2, 5, 3]}"
Random_Hill_Climb,6,True,1,79,0.0006299018859863,264221,"[2, 2, 2, 2, 2, 2, 2, 1, 1, 1]","{0: [6, 8, 9], 1: [7, 10, 9], 2: [8, 11, 10], 3: [9, 11, 6], 4: [10, 6, 7], 5: [11, 8, 7], 6: [0, 3, 4], 7: [1, 4, 5], 8: [0, 5, 2], 9: [0, 1, 3], 10: [1, 4, 2], 11: [2, 5, 3]}"
Random_Hill_Climb,6,True,1,79,0.0006880760192871,663624,"[2, 2, 2, 2, 2, 2, 2, 1, 1, 1]","{0: [6, 8, 9], 1: [7, 10, 9], 2: [8, 11, 10], 3: [9, 11, 6], 4: [10, 6, 7], 5: [11, 8, 7], 6: [0, 3, 4], 7: [1, 4, 5], 8: [0, 5, 2], 9: [0, 1, 3], 10: [1, 4, 2], 11: [2, 5, 3]}"
Random_Hill_Climb,6,True,1,79,0.0006210803985595,982343,"[2, 2, 2, 2, 2, 2, 2, 1, 1, 1]","{0: [6, 8, 9], 1: [7, 10, 9], 2: [8, 11, 10], 3: [9, 11, 6], 4: [10, 6, 7], 5: [11, 8, 7], 6: [0, 3, 4], 7: [1, 4, 5], 8: [0, 5, 2], 9: [0, 1, 3], 10: [1, 4, 2], 11: [2, 5, 3]}"
Random_Hill_Climb,6,True,1,79,0.0005979537963867,256534,"[2, 2, 2, 2, 2, 2, 2, 1, 1, 1]","{0: [6, 8, 9], 1: [7, 10, 9], 2: [8, 11, 10], 3: [9, 11, 6], 4: [10, 6, 7], 5: [11, 8, 7], 6: [0, 3, 4], 7: [1, 4, 5], 8: [0, 5, 2], 9: [0, 1, 3], 10: [1, 4, 2], 11: [2, 5, 3]}"
Random_Hill_Climb,6,True,1,79,0.0006380081176757,286052,"[2, 2, 2, 2, 2, 2, 2, 1, 1, 1]","{0: [6, 8, 9], 1: [7, 10, 9], 2: [8, 11, 10], 3: [9, 11, 6], 4: [10, 6, 7], 5: [11, 8, 7], 6: [0, 3, 4], 7: [1, 4, 5], 8: [0, 5, 2], 9: [0, 1, 3], 10: [1, 4, 2], 11: [2, 5, 3]}"
Random_Hill_Climb,6,True,1,79,0.000662088394165,221691,"[2, 2, 2, 2, 2, 2, 2, 1, 1, 1]","{0: [6, 8, 9], 1: [7, 10, 9], 2: [8, 11, 10], 3: [9, 11, 6], 4: [10, 6, 7], 5: [11, 8, 7], 6: [0, 3, 4], 7: [1, 4, 5], 8: [0, 5, 2], 9: [0, 1, 3], 10: [1, 4, 2], 11: [2, 5, 3]}"
Random_Hill_Climb,6,True,1,79,0.0006430149078369,907199,"[2, 2, 2, 2, 2, 2, 2, 1, 1, 1]","{0: [6, 8, 9], 1: [7, 10, 9], 2: [8, 11, 10], 3: [9, 11, 6], 4: [10, 6, 7], 5: [11, 8, 7], 6: [0, 3, 4], 7: [1, 4, 5], 8: [0, 5, 2], 9: [0, 1, 3], 10: [1, 4, 2], 11: [2, 5, 3]}"
Random_Hill_Climb,6,True,1,79,0.0006000995635986,846212,"[2, 2, 2, 2, 2, 2, 2, 1, 1, 1]","{0: [6, 8, 9], 1: [7, 10, 9], 2: [8, 11, 10], 3: [9, 11, 6], 4: [10, 6, 7], 5: [11, 8, 7], 6: [0, 3, 4], 7: [1, 4, 5], 8: [0, 5, 2], 9: [0, 1, 3], 10: [1, 4, 2], 11: [2, 5, 3]}"
Random_Hill_Climb,6,True,1,79,0.0006589889526367,358665,"[2, 2, 2, 2, 2, 2, 2, 1, 1, 1]","{0: [6, 8, 9], 1: [7, 10, 9], 2: [8, 11, 10], 3: [9, 11, 6], 4: [10, 6, 7], 5: [11, 8, 7], 6: [0, 3, 4], 7: [1, 4, 5], 8: [0, 5, 2], 9: [0, 1, 3], 10: [1, 4, 2], 11: [2, 5, 3]}"
Random_Hill_Climb,6,True,1,79,0.0006690025329589,303501,"[2, 2, 2, 2, 2, 2, 2, 1, 1, 1]","{0: [6, 8, 9], 1: [7, 10, 9], 2: [8, 11, 10], 3: [9, 11, 6], 4: [10, 6, 7], 5: [11, 8, 7], 6: [0, 3, 4], 7: [1, 4, 5], 8: [0, 5, 2], 9: [0, 1, 3], 10: [1, 4, 2], 11: [2, 5, 3]}"
Random_Hill_Climb,6,True,1,79,0.0006041526794433,271170,"[2, 2, 2, 2, 2, 2, 2, 1, 1, 1]","{0: [6, 8, 9], 1: [7, 10, 9], 2: [8, 11, 10], 3: [9, 11, 6], 4: [10, 6, 7], 5: [11, 8, 7], 6: [0, 3, 4], 7: [1, 4, 5], 8: [0, 5, 2], 9: [0, 1, 3], 10: [1, 4, 2], 11: [2, 5, 3]}"
Random_Hill_Climb,6,True,1,79,0.0006208419799804,759579,"[2, 2, 2, 2, 2, 2, 2, 1, 1, 1]","{0: [6, 8, 9], 1: [7, 10, 9], 2: [8, 11, 10], 3: [9, 11, 6], 4: [10, 6, 7], 5: [11, 8, 7], 6: [0, 3, 4], 7: [1, 4, 5], 8: [0, 5, 2], 9: [0, 1, 3], 10: [1, 4, 2], 11: [2, 5, 3]}"
Random_Hill_Climb,6,True,1,79,0.0005981922149658,906166,"[2, 2, 2, 2, 2, 2, 2, 1, 1, 1]","{0: [6, 8, 9], 1: [7, 10, 9], 2: [8, 11, 10], 3: [9, 11, 6], 4: [10, 6, 7], 5: [11, 8, 7], 6: [0, 3, 4], 7: [1, 4, 5], 8: [0, 5, 2], 9: [0, 1, 3], 10: [1, 4, 2], 11: [2, 5, 3]}"
Random_Hill_Climb,6,True,1,79,0.0005998611450195,633371,"[2, 2, 2, 2, 2, 2, 2, 1, 1, 1]","{0: [6, 8, 9], 1: [7, 10, 9], 2: [8, 11, 10], 3: [9, 11, 6], 4: [10, 6, 7], 5: [11, 8, 7], 6: [0, 3, 4], 7: [1, 4, 5], 8: [0, 5, 2], 9: [0, 1, 3], 10: [1, 4, 2], 11: [2, 5, 3]}"
Random_Hill_Climb,6,True,1,79,0.0006670951843261,697525,"[2, 2, 2, 2, 2, 2, 2, 1, 1, 1]","{0: [6, 8, 9], 1: [7, 10, 9], 2: [8, 11, 10], 3: [9, 11, 6], 4: [10, 6, 7], 5: [11, 8, 7], 6: [0, 3, 4], 7: [1, 4, 5], 8: [0, 5, 2], 9: [0, 1, 3], 10: [1, 4, 2], 11: [2, 5, 3]}"
Random_Hill_Climb,6,True,1,79,0.000605821609497,357558,"[2, 2, 2, 2, 2, 2, 2, 1, 1, 1]","{0: [6, 8, 9], 1: [7, 10, 9], 2: [8, 11, 10], 3: [9, 11, 6], 4: [10, 6, 7], 5: [11, 8, 7], 6: [0, 3, 4], 7: [1, 4, 5], 8: [0, 5, 2], 9: [0, 1, 3], 10: [1, 4, 2], 11: [2, 5, 3]}"
Random_Hill_Climb,6,True,1,79,0.0006458759307861,884489,"[2, 2, 2, 2, 2, 2, 2, 1, 1, 1]","{0: [6, 8, 9], 1: [7, 10, 9], 2: [8, 11, 10], 3: [9, 11, 6], 4: [10, 6, 7], 5: [11, 8, 7], 6: [0, 3, 4], 7: [1, 4, 5], 8: [0, 5, 2], 9: [0, 1, 3], 10: [1, 4, 2], 11: [2, 5, 3]}"
Random_Hill_Climb,6,True,1,79,0.0005981922149658,810950,"[2, 2, 2, 2, 2, 2, 2, 1, 1, 1]","{0: [6, 8, 9], 1: [7, 10, 9], 2: [8, 11, 10], 3: [9, 11, 6], 4: [10, 6, 7], 5: [11, 8, 7], 6: [0, 3, 4], 7: [1, 4, 5], 8: [0, 5, 2], 9: [0, 1, 3], 10: [1, 4, 2], 11: [2, 5, 3]}"
Random_Hill_Climb,6,True,1,79,0.000619888305664,983265,"[2, 2, 2, 2, 2, 2, 2, 1, 1, 1]","{0: [6, 8, 9], 1: [7, 10, 9], 2: [8, 11, 10], 3: [9, 11, 6], 4: [10, 6, 7], 5: [11, 8, 7], 6: [0, 3, 4], 7: [1, 4, 5], 8: [0, 5, 2], 9: [0, 1, 3], 10: [1, 4, 2], 11: [2, 5, 3]}"
Random_Hill_Climb,6,True,1,79,0.0006349086761474,719918,"[2, 2, 2, 2, 2, 2, 2, 1, 1, 1]","{0: [6, 8, 9], 1: [7, 10, 9], 2: [8, 11, 10], 3: [9, 11, 6], 4: [10, 6, 7], 5: [11, 8, 7], 6: [0, 3, 4], 7: [1, 4, 5], 8: [0, 5, 2], 9: [0, 1, 3], 10: [1, 4, 2], 11: [2, 5, 3]}"
Random_Hill_Climb,6,True,1,79,0.0005960464477539,220714,"[2, 2, 2, 2, 2, 2, 2, 1, 1, 1]","{0: [6, 8, 9], 1: [7, 10, 9], 2: [8, 11, 10], 3: [9, 11, 6], 4: [10, 6, 7], 5: [11, 8, 7], 6: [0, 3, 4], 7: [1, 4, 5], 8: [0, 5, 2], 9: [0, 1, 3], 10: [1, 4, 2], 11: [2, 5, 3]}"
Random_Hill_Climb,6,True,1,79,0.000594139099121,696342,"[2, 2, 2, 2, 2, 2, 2, 1, 1, 1]","{0: [6, 8, 9], 1: [7, 10, 9], 2: [8, 11, 10], 3: [9, 11, 6], 4: [10, 6, 7], 5: [11, 8, 7], 6: [0, 3, 4], 7: [1, 4, 5], 8: [0, 5, 2], 9: [0, 1, 3], 10: [1, 4, 2], 11: [2, 5, 3]}"
Random_Hill_Climb,6,True,1,79,0.0005970001220703,864683,"[2, 2, 2, 2, 2, 2, 2, 1, 1, 1]","{0: [6, 8, 9], 1: [7, 10, 9], 2: [8, 11, 10], 3: [9, 11, 6], 4: [10, 6, 7], 5: [11, 8, 7], 6: [0, 3, 4], 7: [1, 4, 5], 8: [0, 5, 2], 9: [0, 1, 3], 10: [1, 4, 2], 11: [2, 5, 3]}"
Random_Hill_Climb,6,True,1,79,0.0005931854248046,488851,"[2, 2, 2, 2, 2, 2, 2, 1, 1, 1]","{0: [6, 8, 9], 1: [7, 10, 9], 2: [8, 11, 10], 3: [9, 11, 6], 4: [10, 6, 7], 5: [11, 8, 7], 6: [0, 3, 4], 7: [1, 4, 5], 8: [0, 5, 2], 9: [0, 1, 3], 10: [1, 4, 2], 11: [2, 5, 3]}"
Random_Hill_Climb,6,True,1,79,0.0006031990051269,435369,"[2, 2, 2, 2, 2, 2, 2, 1, 1, 1]","{0: [6, 8, 9], 1: [7, 10, 9], 2: [8, 11, 10], 3: [9, 11, 6], 4: [10, 6, 7], 5: [11, 8, 7], 6: [0, 3, 4], 7: [1, 4, 5], 8: [0, 5, 2], 9: [0, 1, 3], 10: [1, 4, 2], 11: [2, 5, 3]}"
Random_Hill_Climb,6,True,1,79,0.000690221786499,736699,"[2, 2, 2, 2, 2, 2, 2, 1, 1, 1]","{0: [6, 8, 9], 1: [7, 10, 9], 2: [8, 11, 10], 3: [9, 11, 6], 4: [10, 6, 7], 5: [11, 8, 7], 6: [0, 3, 4], 7: [1, 4, 5], 8: [0, 5, 2], 9: [0, 1, 3], 10: [1, 4, 2], 11: [2, 5, 3]}"
Random_Hill_Climb,6,True,1,79,0.0006060600280761,537248,"[2, 2, 2, 2, 2, 2, 2, 1, 1, 1]","{0: [6, 8, 9], 1: [7, 10, 9], 2: [8, 11, 10], 3: [9, 11, 6], 4: [10, 6, 7], 5: [11, 8, 7], 6: [0, 3, 4], 7: [1, 4, 5], 8: [0, 5, 2], 9: [0, 1, 3], 10: [1, 4, 2], 11: [2, 5, 3]}"
Random_Hill_Climb,6,True,1,79,0.0006561279296875,813093,"[2, 2, 2, 2, 2, 2, 2, 1, 1, 1]","{0: [6, 8, 9], 1: [7, 10, 9], 2: [8, 11, 10], 3: [9, 11, 6], 4: [10, 6, 7], 5: [11, 8, 7], 6: [0, 3, 4], 7: [1, 4, 5], 8: [0, 5, 2], 9: [0, 1, 3], 10: [1, 4, 2], 11: [2, 5, 3]}"
Random_Hill_Climb,6,True,1,79,0.0006012916564941,329565,"[2, 2, 2, 2, 2, 2, 2, 1, 1, 1]","{0: [6, 8, 9], 1: [7, 10, 9], 2: [8, 11, 10], 3: [9, 11, 6], 4: [10, 6, 7], 5: [11, 8, 7], 6: [0, 3, 4], 7: [1, 4, 5], 8: [0, 5, 2], 9: [0, 1, 3], 10: [1, 4, 2], 11: [2, 5, 3]}"
Random_Hill_Climb,6,True,1,79,0.0006568431854248,56203,"[2, 2, 2, 2, 2, 2, 2, 1, 1, 1]","{0: [6, 8, 9], 1: [7, 10, 9], 2: [8, 11, 10], 3: [9, 11, 6], 4: [10, 6, 7], 5: [11, 8, 7], 6: [0, 3, 4], 7: [1, 4, 5], 8: [0, 5, 2], 9: [0, 1, 3], 10: [1, 4, 2], 11: [2, 5, 3]}"
Random_Hill_Climb,6,True,1,79,0.0006351470947265,191527,"[2, 2, 2, 2, 2, 2, 2, 1, 1, 1]","{0: [6, 8, 9], 1: [7, 10, 9], 2: [8, 11, 10], 3: [9, 11, 6], 4: [10, 6, 7], 5: [11, 8, 7], 6: [0, 3, 4], 7: [1, 4, 5], 8: [0, 5, 2], 9: [0, 1, 3], 10: [1, 4, 2], 11: [2, 5, 3]}"
Random_Hill_Climb,6,True,1,79,0.0005960464477539,469770,"[2, 2, 2, 2, 2, 2, 2, 1, 1, 1]","{0: [6, 8, 9], 1: [7, 10, 9], 2: [8, 11, 10], 3: [9, 11, 6], 4: [10, 6, 7], 5: [11, 8, 7], 6: [0, 3, 4], 7: [1, 4, 5], 8: [0, 5, 2], 9: [0, 1, 3], 10: [1, 4, 2], 11: [2, 5, 3]}"
Random_Hill_Climb,6,True,1,79,0.0008418560028076,56809,"[2, 2, 2, 2, 2, 2, 2, 1, 1, 1]","{0: [6, 8, 9], 1: [7, 10, 9], 2: [8, 11, 10], 3: [9, 11, 6], 4: [10, 6, 7], 5: [11, 8, 7], 6: [0, 3, 4], 7: [1, 4, 5], 8: [0, 5, 2], 9: [0, 1, 3], 10: [1, 4, 2], 11: [2, 5, 3]}"
Random_Hill_Climb,6,True,1,79,0.0006589889526367,314250,"[2, 2, 2, 2, 2, 2, 2, 1, 1, 1]","{0: [6, 8, 9], 1: [7, 10, 9], 2: [8, 11, 10], 3: [9, 11, 6], 4: [10, 6, 7], 5: [11, 8, 7], 6: [0, 3, 4], 7: [1, 4, 5], 8: [0, 5, 2], 9: [0, 1, 3], 10: [1, 4, 2], 11: [2, 5, 3]}"
Random_Hill_Climb,6,True,1,79,0.0006351470947265,979887,"[2, 2, 2, 2, 2, 2, 2, 1, 1, 1]","{0: [6, 8, 9], 1: [7, 10, 9], 2: [8, 11, 10], 3: [9, 11, 6], 4: [10, 6, 7], 5: [11, 8, 7], 6: [0, 3, 4], 7: [1, 4, 5], 8: [0, 5, 2], 9: [0, 1, 3], 10: [1, 4, 2], 11: [2, 5, 3]}"
Random_Hill_Climb,6,True,1,79,0.0005991458892822,327840,"[2, 2, 2, 2, 2, 2, 2, 1, 1, 1]","{0: [6, 8, 9], 1: [7, 10, 9], 2: [8, 11, 10], 3: [9, 11, 6], 4: [10, 6, 7], 5: [11, 8, 7], 6: [0, 3, 4], 7: [1, 4, 5], 8: [0, 5, 2], 9: [0, 1, 3], 10: [1, 4, 2], 11: [2, 5, 3]}"
Random_Hill_Climb,6,True,1,79,0.0006489753723144,100390,"[2, 2, 2, 2, 2, 2, 2, 1, 1, 1]","{0: [6, 8, 9], 1: [7, 10, 9], 2: [8, 11, 10], 3: [9, 11, 6], 4: [10, 6, 7], 5: [11, 8, 7], 6: [0, 3, 4], 7: [1, 4, 5], 8: [0, 5, 2], 9: [0, 1, 3], 10: [1, 4, 2], 11: [2, 5, 3]}"
Random_Hill_Climb,6,True,1,79,0.0006449222564697,135246,"[2, 2, 2, 2, 2, 2, 2, 1, 1, 1]","{0: [6, 8, 9], 1: [7, 10, 9], 2: [8, 11, 10], 3: [9, 11, 6], 4: [10, 6, 7], 5: [11, 8, 7], 6: [0, 3, 4], 7: [1, 4, 5], 8: [0, 5, 2], 9: [0, 1, 3], 10: [1, 4, 2], 11: [2, 5, 3]}"
Random_Hill_Climb,6,True,1,79,0.0006451606750488,817719,"[2, 2, 2, 2, 2, 2, 2, 1, 1, 1]","{0: [6, 8, 9], 1: [7, 10, 9], 2: [8, 11, 10], 3: [9, 11, 6], 4: [10, 6, 7], 5: [11, 8, 7], 6: [0, 3, 4], 7: [1, 4, 5], 8: [0, 5, 2], 9: [0, 1, 3], 10: [1, 4, 2], 11: [2, 5, 3]}"
Random_Hill_Climb,6,True,1,79,0.000730276107788,931671,"[2, 2, 2, 2, 2, 2, 2, 1, 1, 1]","{0: [6, 8, 9], 1: [7, 10, 9], 2: [8, 11, 10], 3: [9, 11, 6], 4: [10, 6, 7], 5: [11, 8, 7], 6: [0, 3, 4], 7: [1, 4, 5], 8: [0, 5, 2], 9: [0, 1, 3], 10: [1, 4, 2], 11: [2, 5, 3]}"
Random_Hill_Climb,6,True,1,79,0.0006210803985595,760037,"[2, 2, 2, 2, 2, 2, 2, 1, 1, 1]","{0: [6, 8, 9], 1: [7, 10, 9], 2: [8, 11, 10], 3: [9, 11, 6], 4: [10, 6, 7], 5: [11, 8, 7], 6: [0, 3, 4], 7: [1, 4, 5], 8: [0, 5, 2], 9: [0, 1, 3], 10: [1, 4, 2], 11: [2, 5, 3]}"
Random_Hill_Climb,6,True,1,79,0.0006971359252929,205329,"[2, 2, 2, 2, 2, 2, 2, 1, 1, 1]","{0: [6, 8, 9], 1: [7, 10, 9], 2: [8, 11, 10], 3: [9, 11, 6], 4: [10, 6, 7], 5: [11, 8, 7], 6: [0, 3, 4], 7: [1, 4, 5], 8: [0, 5, 2], 9: [0, 1, 3], 10: [1, 4, 2], 11: [2, 5, 3]}"
Random_Hill_Climb,6,True,1,79,0.0005950927734375,831447,"[2, 2, 2, 2, 2, 2, 2, 1, 1, 1]","{0: [6, 8, 9], 1: [7, 10, 9], 2: [8, 11, 10], 3: [9, 11, 6], 4: [10, 6, 7], 5: [11, 8, 7], 6: [0, 3, 4], 7: [1, 4, 5], 8: [0, 5, 2], 9: [0, 1, 3], 10: [1, 4, 2], 11: [2, 5, 3]}"
Random_Hill_Climb,6,True,1,79,0.0006411075592041,367216,"[2, 2, 2, 2, 2, 2, 2, 1, 1, 1]","{0: [6, 8, 9], 1: [7, 10, 9], 2: [8, 11, 10], 3: [9, 11, 6], 4: [10, 6, 7], 5: [11, 8, 7], 6: [0, 3, 4], 7: [1, 4, 5], 8: [0, 5, 2], 9: [0, 1, 3], 10: [1, 4, 2], 11: [2, 5, 3]}"
Random_Hill_Climb,6,True,1,79,0.000626802444458,849355,"[2, 2, 2, 2, 2, 2, 2, 1, 1, 1]","{0: [6, 8, 9], 1: [7, 10, 9], 2: [8, 11, 10], 3: [9, 11, 6], 4: [10, 6, 7], 5: [11, 8, 7], 6: [0, 3, 4], 7: [1, 4, 5], 8: [0, 5, 2], 9: [0, 1, 3], 10: [1, 4, 2], 11: [2, 5, 3]}"
Random_Hill_Climb,6,True,1,79,0.0006630420684814,508161,"[2, 2, 2, 2, 2, 2, 2, 1, 1, 1]","{0: [6, 8, 9], 1: [7, 10, 9], 2: [8, 11, 10], 3: [9, 11, 6], 4: [10, 6, 7], 5: [11, 8, 7], 6: [0, 3, 4], 7: [1, 4, 5], 8: [0, 5, 2], 9: [0, 1, 3], 10: [1, 4, 2], 11: [2, 5, 3]}"
Random_Hill_Climb,6,True,1,79,0.0006682872772216,730164,"[2, 2, 2, 2, 2, 2, 2, 1, 1, 1]","{0: [6, 8, 9], 1: [7, 10, 9], 2: [8, 11, 10], 3: [9, 11, 6], 4: [10, 6, 7], 5: [11, 8, 7], 6: [0, 3, 4], 7: [1, 4, 5], 8: [0, 5, 2], 9: [0, 1, 3], 10: [1, 4, 2], 11: [2, 5, 3]}"
Random_Hill_Climb,6,True,1,79,0.0092749595642089,749250,"[2, 2, 2, 2, 2, 2, 2, 1, 1, 1]","{0: [6, 8, 9], 1: [7, 10, 9], 2: [8, 11, 10], 3: [9, 11, 6], 4: [10, 6, 7], 5: [11, 8, 7], 6: [0, 3, 4], 7: [1, 4, 5], 8: [0, 5, 2], 9: [0, 1, 3], 10: [1, 4, 2], 11: [2, 5, 3]}"
Random_Hill_Climb,6,True,1,79,0.0006530284881591,31663,"[2, 2, 2, 2, 2, 2, 2, 1, 1, 1]","{0: [6, 8, 9], 1: [7, 10, 9], 2: [8, 11, 10], 3: [9, 11, 6], 4: [10, 6, 7], 5: [11, 8, 7], 6: [0, 3, 4], 7: [1, 4, 5], 8: [0, 5, 2], 9: [0, 1, 3], 10: [1, 4, 2], 11: [2, 5, 3]}"
Random_Hill_Climb,6,True,1,79,0.0006091594696044,421816,"[2, 2, 2, 2, 2, 2, 2, 1, 1, 1]","{0: [6, 8, 9], 1: [7, 10, 9], 2: [8, 11, 10], 3: [9, 11, 6], 4: [10, 6, 7], 5: [11, 8, 7], 6: [0, 3, 4], 7: [1, 4, 5], 8: [0, 5, 2], 9: [0, 1, 3], 10: [1, 4, 2], 11: [2, 5, 3]}"
Random_Hill_Climb,6,True,1,79,0.0006179809570312,649642,"[2, 2, 2, 2, 2, 2, 2, 1, 1, 1]","{0: [6, 8, 9], 1: [7, 10, 9], 2: [8, 11, 10], 3: [9, 11, 6], 4: [10, 6, 7], 5: [11, 8, 7], 6: [0, 3, 4], 7: [1, 4, 5], 8: [0, 5, 2], 9: [0, 1, 3], 10: [1, 4, 2], 11: [2, 5, 3]}"
Random_Hill_Climb,6,True,1,79,0.0006089210510253,520799,"[2, 2, 2, 2, 2, 2, 2, 1, 1, 1]","{0: [6, 8, 9], 1: [7, 10, 9], 2: [8, 11, 10], 3: [9, 11, 6], 4: [10, 6, 7], 5: [11, 8, 7], 6: [0, 3, 4], 7: [1, 4, 5], 8: [0, 5, 2], 9: [0, 1, 3], 10: [1, 4, 2], 11: [2, 5, 3]}"
Random_Hill_Climb,6,True,1,79,0.0006830692291259,341896,"[2, 2, 2, 2, 2, 2, 2, 1, 1, 1]","{0: [6, 8, 9], 1: [7, 10, 9], 2: [8, 11, 10], 3: [9, 11, 6], 4: [10, 6, 7], 5: [11, 8, 7], 6: [0, 3, 4], 7: [1, 4, 5], 8: [0, 5, 2], 9: [0, 1, 3], 10: [1, 4, 2], 11: [2, 5, 3]}"
Random_Hill_Climb,6,True,1,79,0.0006210803985595,61127,"[2, 2, 2, 2, 2, 2, 2, 1, 1, 1]","{0: [6, 8, 9], 1: [7, 10, 9], 2: [8, 11, 10], 3: [9, 11, 6], 4: [10, 6, 7], 5: [11, 8, 7], 6: [0, 3, 4], 7: [1, 4, 5], 8: [0, 5, 2], 9: [0, 1, 3], 10: [1, 4, 2], 11: [2, 5, 3]}"
Random_Hill_Climb,6,True,1,79,0.0006217956542968,215551,"[2, 2, 2, 2, 2, 2, 2, 1, 1, 1]","{0: [6, 8, 9], 1: [7, 10, 9], 2: [8, 11, 10], 3: [9, 11, 6], 4: [10, 6, 7], 5: [11, 8, 7], 6: [0, 3, 4], 7: [1, 4, 5], 8: [0, 5, 2], 9: [0, 1, 3], 10: [1, 4, 2], 11: [2, 5, 3]}"
Random_Hill_Climb,6,True,1,79,0.0006380081176757,136382,"[2, 2, 2, 2, 2, 2, 2, 1, 1, 1]","{0: [6, 8, 9], 1: [7, 10, 9], 2: [8, 11, 10], 3: [9, 11, 6], 4: [10, 6, 7], 5: [11, 8, 7], 6: [0, 3, 4], 7: [1, 4, 5], 8: [0, 5, 2], 9: [0, 1, 3], 10: [1, 4, 2], 11: [2, 5, 3]}"
Random_Hill_Climb,6,True,1,79,0.0006232261657714,312685,"[2, 2, 2, 2, 2, 2, 2, 1, 1, 1]","{0: [6, 8, 9], 1: [7, 10, 9], 2: [8, 11, 10], 3: [9, 11, 6], 4: [10, 6, 7], 5: [11, 8, 7], 6: [0, 3, 4], 7: [1, 4, 5], 8: [0, 5, 2], 9: [0, 1, 3], 10: [1, 4, 2], 11: [2, 5, 3]}"
Random_Hill_Climb,6,True,1,79,0.0006771087646484,614133,"[2, 2, 2, 2, 2, 2, 2, 1, 1, 1]","{0: [6, 8, 9], 1: [7, 10, 9], 2: [8, 11, 10], 3: [9, 11, 6], 4: [10, 6, 7], 5: [11, 8, 7], 6: [0, 3, 4], 7: [1, 4, 5], 8: [0, 5, 2], 9: [0, 1, 3], 10: [1, 4, 2], 11: [2, 5, 3]}"
Random_Hill_Climb,6,True,1,79,0.0006420612335205,715669,"[2, 2, 2, 2, 2, 2, 2, 1, 1, 1]","{0: [6, 8, 9], 1: [7, 10, 9], 2: [8, 11, 10], 3: [9, 11, 6], 4: [10, 6, 7], 5: [11, 8, 7], 6: [0, 3, 4], 7: [1, 4, 5], 8: [0, 5, 2], 9: [0, 1, 3], 10: [1, 4, 2], 11: [2, 5, 3]}"
